function,mha,time-min,time-max,time-cv,time-mean,time-std,fit-min,fit-max,fit-cv,fit-mean,fit-std
f1,GA,17.479000329971313,21.406010150909427,0.04895199668538207,19.85113606452942,0.9717527468319126,3.836122776178272e-13,1.2010415191061759e-07,1.6617943865583675,2.1256418523173966e-08,3.53237969801458e-08
f1,SAP-DE,14.16698932647705,27.238222360610962,0.11578933386683843,20.185392904281617,2.3372531982271756,1.744241880687775e-07,0.000843609086372886,1.7821488980383742,0.00012084368415976594,0.0002153614385602242
f1,HI-WOA,7.738726854324341,9.636758804321287,0.06610965841035243,8.839198577404023,0.5843563985734531,0.0,0.0,,0.0,0.0
f1,COA,15.375510931015015,18.11178684234619,0.0477328277263139,16.88925634622574,0.806171963599947,9.446553435009926e-51,0.028313528133698883,4.196128124407718,0.0015066714479660365,0.006322186437052384
f1,HGS,8.041408777236937,11.310333728790285,0.07169763138843196,10.634179854393006,0.7624455073185589,0.0,0.0,,0.0,0.0
f1,M-LCO,5.234645366668701,7.306569337844849,0.07711008400695717,6.75672367811203,0.5210115304310152,0.0,0.0,,0.0,0.0
f1,CHIO,33.91811513900757,36.827408790588386,0.024817479836624443,35.212917029857635,0.8738958583772214,5.5118540932547095e-06,0.11934129238532327,1.3340786105141738,0.026894418697802076,0.03587926872695021
f1,SLO,9.022773504257204,11.62901210784912,0.06899358349311928,10.733841645717622,0.7405661997857396,0.0,0.0,,0.0,0.0
f1,ISLO,21.267411470413208,29.65855717658997,0.11161134043858041,24.26162427663803,2.7078724067327746,0.0,0.0,,0.0,0.0
f2,GA,20.14666485786438,22.82095956802368,0.03510023648201391,21.43530606031418,0.7523843117813735,1949.6077769377011,3288.1251896298972,0.15606527854605606,2705.5887307629246,422.2484588975861
f2,SAP-DE,12.939368963241575,23.51645302772522,0.10095014224283391,20.606168580055236,2.080195649236391,400.8406157288516,74560.12787364851,0.8398756330788726,25554.363030062024,21462.48682780068
f2,HI-WOA,9.204734325408936,11.212299585342407,0.048232956669961725,10.395205104351044,0.5013914773735288,68313.35520306038,126075.63357708168,0.1920493114646854,88778.1047925257,17049.77389854425
f2,COA,16.627960920333862,19.15338921546936,0.04614309738438001,18.017169415950775,0.8313680029510897,37766.25810315062,141134.76987795145,0.2817186409532695,86006.29135546103,24229.575514091408
f2,HGS,10.509275913238524,13.317538976669312,0.06325233711305404,12.326699602603913,0.779692558755252,0.0,0.0,,0.0,0.0
f2,M-LCO,6.5961012840271,8.949309110641481,0.08088279674516731,8.303766977787017,0.6716318966835796,0.0,0.0,,0.0,0.0
f2,CHIO,33.06726861000061,37.922380685806274,0.03359563565001654,35.988893640041354,1.2090697581780268,51328.68689050737,105312.49767924519,0.17001991788982473,80564.50497877253,13697.57052132528
f2,SLO,9.350222349166868,12.739720821380615,0.07822512276249861,11.63104705810547,0.9098400839766987,9333.515812201858,50251.555011136814,0.471941493655318,26022.880540799444,12281.2771116388
f2,ISLO,22.007445096969604,31.428431272506714,0.12706473196882004,25.383782517910003,3.2253835219930544,0.0,0.0,,0.0,0.0
f3,GA,18.936781406402584,21.124154090881348,0.03245522157950344,19.87314291000366,0.6449872566253065,15709219496.7812,120904204108490.36,2.159012910933562,12364839571438.904,26695848276358.81
f3,SAP-DE,17.30577063560486,34.34272003173828,0.21010397111285298,22.993145740032197,4.8309512283573435,32.916136552162556,7.271610015714934e+16,4.3307522830721155,3749511486440427.0,1.6238205430307e+16
f3,HI-WOA,7.8020150661468515,9.927627801895143,0.05565452311270088,9.330211436748504,0.5192684680529057,1.0431788204895266e-134,2.73936026285321e-126,2.739382747032707,2.229686108630245e-127,6.107963657280186e-127
f3,COA,15.608591794967651,18.289630889892575,0.0442681533066789,17.204341661930084,0.7616044342308038,3.6815613353827166,41.615758424223145,0.5191456868883341,19.43966497237451,10.092018224962452
f3,HGS,10.707649469375609,12.3282151222229,0.0351351442794267,11.638878190517426,0.4089336644745025,0.0,0.0,,0.0,0.0
f3,M-LCO,6.482137441635133,7.68647027015686,0.05100830024211705,7.152925169467926,0.36485855465361594,0.0,0.0,,0.0,0.0
f3,CHIO,31.202791929244995,36.657977104187005,0.03729557183685437,34.38740856647492,1.2824980664742267,828266802936.3762,6.319596277531155e+20,2.86183852309657,5.11397339592774e+19,1.4635366070556993e+20
f3,SLO,9.266657114028929,11.39568018913269,0.06035080072368784,10.645853495597839,0.6424857828464008,1.659220215621214e-58,9.906162952317053e-48,2.9235817086579723,8.728813633910239e-49,2.55193998783843e-48
f3,ISLO,18.85669231414795,26.34643650054932,0.11966909452993446,22.614677524566652,2.706277982451351,0.0,0.0,,0.0,0.0
f4,GA,21.85057258605957,23.650725841522217,0.026835001264549768,22.58693208694458,0.6061203511154575,2165730.600725017,7143035.340341887,0.3012490943532293,4671828.297434482,1407384.0435759267
f4,SAP-DE,19.268564939498898,27.66847109794617,0.09295359200235075,21.98880285024643,2.0439382087619338,1.0618451216106055,30024785.94720365,2.2882273326601377,3586294.1274019713,8206256.245279729
f4,HI-WOA,10.509994745254515,12.391552448272705,0.051167389657577764,11.53005119562149,0.5899626222981852,0.6666670810642071,0.6666999855011754,1.0702535022557755e-05,0.6666727149429906,7.1350880802610205e-06
f4,COA,15.731613159179688,19.90057730674744,0.04899316912184303,19.161077213287353,0.93876189646728,345418.2817022125,12827841.089275787,0.8650267563123747,4371773.79544605,3781701.305606136
f4,HGS,12.264470100402832,13.911932706832886,0.036216550484962,13.179959189891814,0.4773326573904558,0.6666673324563906,0.6715698528483115,0.002149839770390984,0.6674616102584677,0.0014349355149428605
f4,M-LCO,6.7069525718688965,10.108407258987429,0.0787808782867222,9.241665184497833,0.7280665000665619,0.9624278099364576,0.9983753686028304,0.010120303745286241,0.9801960554768312,0.009919881811356975
f4,CHIO,35.40187478065491,39.51163911819458,0.0326617225239914,37.75513128042221,1.2331476217380186,829988349.9697782,9992989458.118752,0.3676310252268787,5812680616.706491,2136921734.4362128
f4,SLO,11.956831932067873,13.993036270141602,0.04409691025322421,13.032250559329986,0.5746819833123054,0.6666863949809767,0.7029043338717741,0.011873631544775456,0.6700362558261813,0.007955763623320984
f4,ISLO,21.258697986602787,38.64971256256104,0.13979386857931714,29.586485636234283,4.136009284755589,0.666667096669598,0.6666854205209349,8.133002217318344e-06,0.6666728979961312,5.422052157628582e-06
f5,GA,20.909430027008053,25.821621417999268,0.05374056272237439,24.083519423007964,1.2942618861276813,4548008.1042689085,15423706.596801953,0.33800147871194247,8301788.234684576,2806016.6992767933
f5,SAP-DE,19.197203874588013,28.745591878890988,0.09603965991970173,23.207533049583436,2.2288435816572316,224.93727476501155,179455464.23722833,2.8866942875463653,17083256.559914272,49314139.124193504
f5,HI-WOA,12.120304107666016,14.654037475585938,0.05340385512692843,13.676342046260833,0.7303693893048335,25.007974446025692,28.71705602163269,0.03309597713148583,26.32313583407237,0.8711899015934543
f5,COA,19.620222806930546,22.71419048309326,0.04213097147924325,21.11975452899933,0.8897957757098892,1813246.9843614297,91092832.27584292,1.0938273733128838,26186041.128483813,28643008.585032593
f5,HGS,13.172850370407104,15.98688507080078,0.04992403493775558,14.74993280172348,0.7363761605227901,27.291324884371168,28.285846373573555,0.008840978232722726,27.749934202293815,0.24533656424196748
f5,M-LCO,10.27536916732788,12.132599592208862,0.04835227395027268,11.214764773845673,0.5422593786328538,28.86914825318452,28.9870841755922,0.001187716633600366,28.930251474273554,0.03436094089023621
f5,CHIO,37.52461433410645,40.8649423122406,0.021743275675755538,39.4202197432518,0.857124705076385,4379633164.044899,18201218695.361397,0.310808403424535,12180016341.167995,3785651432.683171
f5,SLO,14.375871896743774,16.12163996696472,0.02974649347467189,15.129178023338318,0.4500399953483826,28.24984183693836,28.710819628303096,0.00597530513348153,28.544893360406245,0.17056444783111827
f5,ISLO,21.011296749114987,43.393409729003906,0.15873289117879869,33.95109337568283,5.389155210203496,26.744151303048216,28.086169106793605,0.014827788473583705,27.46641343467636,0.4072661685373788
f6,GA,21.674415349960327,24.75673317909241,0.033500425525954,23.38284864425659,0.7833353795915724,7.310544262106572,9.29068139433052,0.061419116083247044,8.495579143781656,0.5217909616263381
f6,SAP-DE,19.64211225509644,24.365991353988647,0.04495109103748805,21.937975084781648,0.9861359152141645,0.9166228023469292,19.99999995877693,0.6737244159712427,10.41637517425779,7.017766280814182
f6,HI-WOA,11.045448780059814,13.31874179840088,0.04273298320861033,12.507704329490661,0.5344915190903872,4.440892098500626e-16,7.549516567451064e-15,1.4669856112538155,1.3322676295501878e-15,1.954417442889354e-15
f6,COA,18.520156621932983,22.372853755950928,0.039413465039057904,20.739592409133913,0.8174192003417101,19.999999953515907,20.002838723178577,3.1737971908189845e-05,20.00014191007471,0.0006347639421017615
f6,HGS,12.838528394699097,15.134266138076782,0.041117049221773436,14.234148561954498,0.5852661870519187,4.440892098500626e-16,4.440892098500626e-16,0.0,4.440892098500626e-16,0.0
f6,M-LCO,9.25261926651001,11.088583946228027,0.050145339077779044,10.342016863822938,0.5186039423845102,4.440892098500626e-16,21.045628495416665,4.47213595499958,1.0522814247708332,4.705945594495828
f6,CHIO,36.225461006164544,40.70749187469482,0.028395728654013883,38.49724150896073,1.0931572238164888,20.031900656288407,20.056840911844358,0.0003243219508514043,20.043349404553958,0.006500498180481273
f6,SLO,12.365946769714355,15.018076181411743,0.043849519975551365,14.068329894542694,0.6168895127333963,4.440892098500626e-16,20.52422712186283,0.34203149570633823,18.308615578595713,6.262123170659457
f6,ISLO,22.683063507080078,34.62275099754333,0.11125800777423732,25.912955713272094,2.883023828200694,4.440892098500626e-16,4.440892098500626e-16,0.0,4.440892098500626e-16,0.0
f7,GA,35.125502586364746,39.09547114372253,0.022932343775504016,37.683759450912476,0.8641769264817234,1.1411997884314038,1.2357189617512987,0.022362902044469557,1.188229872480648,0.026572268244597283
f7,SAP-DE,27.950392007827762,38.662327527999885,0.07412243909608378,31.74988933801651,2.3533792387645285,0.4428853932624949,1.8581389615595545,0.31995615917924414,1.2670593771134344,0.40540345175326
f7,HI-WOA,26.51514506340027,28.917137622833252,0.02425043681943473,27.779173219203948,0.6736570850484386,0.0,0.012635960658138769,4.472135954999538,0.000631798032906944,0.0028254866992611254
f7,COA,32.76713895797729,36.167777299880974,0.028201058271673685,34.46482712030411,0.9719445979428557,0.8708879392562903,1.1658905743201249,0.07323110492866611,1.0347059220282961,0.07577265794636637
f7,HGS,26.83249855041504,29.84976029396057,0.028483799860636285,28.139530885219575,0.8015207659067878,0.0,0.0,,0.0,0.0
f7,M-LCO,21.678600788116455,25.297492027282715,0.042514431479152244,23.9040314078331,1.0162663053638235,0.0,0.0,,0.0,0.0
f7,CHIO,50.74581909179688,54.02786159515381,0.01623704927663853,52.28758107423782,0.8489960304586318,10.297176951171172,13.139357526503971,0.07345598352611478,11.629988920452732,0.8542922745496733
f7,SLO,25.40641093254089,29.090542078018192,0.03807722228353399,27.327988159656524,1.0405738797170263,0.0,0.06423581844606796,4.47213595499958,0.003211790922303398,0.014363565663574288
f7,ISLO,28.19328355789185,71.09340143203734,0.3136539173349623,46.493014740943906,14.582716202209202,0.0,0.0,,0.0,0.0
f8,GA,18.46026563644409,21.96607494354248,0.0497157139244313,20.568539762496947,1.0225796386755883,785.5234931749609,1239.5935430774882,0.1187291239218392,1040.6809583742024,123.55913846990906
f8,SAP-DE,10.151105642318727,22.13087272644043,0.12287263830748876,19.787713956832885,2.4313686199499744,35.926006838267774,5528.959832990743,1.194016194172043,1450.4483882898498,1731.8588644288204
f8,HI-WOA,8.892714023590088,10.033589839935305,0.033354649474718036,9.43003876209259,0.3145356374426023,0.0,173.63634613319095,1.453610413689191,36.84908985380188,53.56422074645512
f8,COA,15.584633111953735,18.42090177536011,0.034873072556458024,17.43209128379822,0.6079105841506948,280.58151209525255,1512.7749194174944,0.39973570822886956,691.4849202921437,276.4112143425635
f8,HGS,9.921971082687376,12.1074697971344,0.051249521238365826,11.291135847568512,0.5786653064252362,0.0,0.0,,0.0,0.0
f8,M-LCO,5.7716028690338135,7.669819831848144,0.0754985818523033,6.921305286884308,0.5225487337266145,0.0,168.99810379649662,4.47213595499958,8.44990518982483,37.789124815753176
f8,CHIO,33.686437129974365,36.50403356552124,0.02437000966228342,35.25736906528473,0.8592224247876814,30271.404040596488,54813.06554670169,0.13431538008048458,44653.33567598688,5997.629753181639
f8,SLO,10.073405504226683,11.785576105117798,0.04074336909265934,11.288987493515014,0.45995138413069747,0.0,0.0,,0.0,0.0
f8,ISLO,17.73415970802307,24.746188879013058,0.12496810037598026,21.385048544406892,2.672448893042651,0.0,0.0,,0.0,0.0
f9,GA,44.685277462005615,48.32998275756836,0.020585826249604314,46.46343320608139,0.956488162940487,8.63199790217934,9.743925970659127,0.03541789291901493,9.340010267273275,0.3308034835087849
f9,SAP-DE,31.70052528381348,53.13382387161255,0.12012008886397195,37.913399922847745,4.554160967867778,6.164060647261769,12.221679937700884,0.18140285942405354,9.760232418198438,1.7705340693045415
f9,HI-WOA,35.96243166923522,39.398471355438225,0.02453944033364959,37.49204667806625,0.9200338424428122,0.0,12.031990322807575,0.8273411883263996,6.133288242890073,5.074321983221008
f9,COA,40.18248844146729,45.17873668670654,0.024863122259985864,43.82286182641983,1.0895731713727437,3.461827539580764,6.054566624194125,0.1631104950557997,4.480032186898437,0.730740267870921
f9,HGS,34.18518400192261,37.84038758277893,0.02804787937433185,35.89532777070999,1.006787823414978,0.0,0.0,,0.0,0.0
f9,M-LCO,30.04951238632202,35.300512075424194,0.03683395796311209,33.1854168176651,1.2223502480502293,0.0,8.217525820650879,0.39672736645102663,5.97931948984799,2.372159674376689
f9,CHIO,56.764843463897705,63.5203218460083,0.03226172972736194,60.87336673736572,1.963880105275477,10.997898516042529,12.113564325276224,0.02677829964054729,11.63865911727647,0.31166350125661696
f9,SLO,34.602006912231445,38.87534308433533,0.03234479298352404,36.966089046001436,1.195660497603432,0.0,9.958000730210458,2.724234667558446,1.1226874962690379,3.058464198170506
f9,ISLO,44.9886372089386,99.40262269973756,0.25715398167254383,66.95580701828003,17.217952370849165,0.0,0.0,,0.0,0.0
f10,GA,20.636235713958737,22.96076083183289,0.034643914953190316,21.71151328086853,0.7521718196074714,2.2065000475347154,3.0111399139547683,0.07447676502773462,2.6295781858675076,0.19584247667091104
f10,SAP-DE,18.659013748168945,26.234494924545288,0.0893668680465366,21.775316190719604,1.9459918086876509,0.10010805916335903,5.39131285550764,0.8248948271283562,1.9212364963681643,1.5848180475443054
f10,HI-WOA,10.128104925155641,11.949749231338501,0.04641330251340285,11.279437160491943,0.5235159291108302,0.09987334584681096,0.49987334584681103,0.5032939707213988,0.23487334584681094,0.11821033884786185
f10,COA,17.209686517715454,20.53365159034729,0.05536627609109417,18.997826886177062,1.0518389285108911,4.400403402006672,8.79987334584681,0.20082006514841705,6.224425641676106,1.2499895628728732
f10,HGS,11.862596035003662,14.228724956512453,0.049001279524218525,13.14210354089737,0.643979889143734,0.0,0.0,,0.0,0.0
f10,M-LCO,8.215376138687134,9.942435026168825,0.04762205945202454,9.240906417369843,0.4400709947985817,0.0,0.09987334584681096,0.5129891760425773,0.07989867667744874,0.04098715631565672
f10,CHIO,32.72971892356873,38.804840326309204,0.039652010667913885,37.05018482208252,1.4691143238133972,22.13291057427422,25.186831489644078,0.03235453652277103,23.909671388069576,0.7735863361727506
f10,SLO,11.06156063079834,13.534357070922852,0.055253273895456284,12.549305891990661,0.6933902356480234,7.795120211181336e-42,0.19987334584681102,0.903444885869438,0.0649240075080866,0.05865526255332985
f10,ISLO,21.96672511100769,31.44533681869507,0.14957377302208805,25.61557800769806,3.8314186507530197,0.0,0.0,,0.0,0.0
f11,GA,1913.9780423641205,1946.174355506897,0.004555122577737444,1927.1140446186066,8.77824069451714,2670402.6204526387,12524002.888774086,0.36966536585860915,7877431.509973559,2912013.6011605114
f11,SAP-DE,1201.4372160434725,1630.1900181770325,0.09721842413770575,1300.0436619997024,126.38819612982324,10688917.225338837,103147934.93943746,0.6665281522102966,32770310.06966856,21842334.21809466
f11,HI-WOA,2033.2321650981905,2062.746443748474,0.004052251728700418,2047.927569079399,8.29871803205524,401687.873320034,5634688.885972695,0.729336798027204,2160169.4235036513,1575491.0505344241
f11,COA,1944.043121814728,1977.0328686237333,0.004375131717268947,1958.833874976635,8.570156215271112,1398579.965047247,55315819.7237763,1.0089418302564528,13949764.388566118,14074500.813846186
f11,HGS,1894.925567626953,1919.6575508117678,0.0038046079889998362,1908.7089150547981,7.261889186892695,2147804.104659631,43112265.48854683,0.810222278440018,12223099.014931113,9903427.133475427
f11,M-LCO,1902.1965396404266,1931.735675573349,0.004799900192904463,1917.0934312224388,9.201857130340464,2466400.609358101,41116021.868194856,0.8979230119430892,11809314.007904463,10603854.80295929
f11,CHIO,1912.6847612857816,1948.4282302856445,0.0044824299738624,1929.3623524427414,8.648231639031016,3519545.063981021,15724146.74067896,0.41048042896837533,9221923.61147153,3785419.1599504226
f11,SLO,1883.932627916336,1920.922112941742,0.0042152712173052324,1900.7800497293472,8.012303434052125,550343.6347434735,8226391.941948468,0.5601327553627123,3529233.6425399967,1976839.3645147101
f11,ISLO,1556.340853691101,2476.742964029312,0.1261904307929612,1891.9292788624764,238.7433707294723,1615269.624289043,10806325.978283916,0.5301919062617386,4778564.841181088,2533556.402341123
f12,GA,1909.43260717392,1950.9452033042908,0.006081791135480205,1929.52152312994,11.734946895089932,106790303.7025259,372407393.8535092,0.33052699588955625,243193077.41832727,80381877.30021599
f12,SAP-DE,1204.8692066669466,1489.4026527404785,0.04602315032661805,1257.6140174150466,57.879358976354744,962778884.1712145,5849417676.299412,0.5810024770392227,3087847580.8888865,1794047093.2160146
f12,HI-WOA,2039.244817018509,2080.179930448532,0.004913929246895184,2059.2914526343347,10.119212496981126,44026.6261494684,6632447.811211953,2.734473477142929,560750.981958531,1533358.6874474562
f12,COA,1945.9964699745176,1976.472995042801,0.004874251938162918,1961.1064311385155,9.558926822920672,37579.870730290524,66971939.19345908,2.4928794010745454,6646426.540062012,16568739.812475752
f12,HGS,1896.3216605186465,1931.6071479320526,0.005554402349602749,1916.8159439086915,10.646766982602447,3567950.292385986,789418703.0083907,1.5871926567792476,109508961.96729529,173811820.28600898
f12,M-LCO,1903.9798851013184,1926.65459895134,0.0035957393083155416,1916.1773291349411,6.890074144073595,41855608.6272561,1194079118.1681676,0.6406701991294779,434352986.22624004,278277014.17804855
f12,CHIO,1911.5817332267761,1936.3792066574094,0.003952791238699417,1922.2358448028565,7.598197006050703,19183895.837165974,773280086.5283387,0.9729867259069872,223562421.16535115,217523268.20551395
f12,SLO,1896.1815955638885,1932.3553686141968,0.0046506682534977785,1911.2231608867646,8.888464879685753,33419.88832787181,97633289.66111869,4.403599903715905,4953788.241840856,21814501.424799375
f12,ISLO,1518.4429154396055,2463.302604675293,0.13631025598937527,1865.3689311027526,254.2689165132435,269906.9991327567,453427542.0713329,2.426806263802791,42247750.883329704,102527106.47524443
f13,GA,1926.3144137859344,1957.696984052658,0.003738841416186348,1941.5947437286377,7.259314841302349,1881568430941.681,18590840614361.55,0.5810203560841672,6390893093458.795,3713238980857.2744
f13,SAP-DE,1233.1448867321014,1614.8124101161955,0.06704140716126637,1303.5512694001197,87.39191140743905,40570162419.16998,931611306744377.6,1.5703283435618984,182832867950814.7,287107634677874.1
f13,HI-WOA,2044.6188402175906,2090.872361660004,0.00528009661347755,2064.5629175305367,10.901091669164316,63004.44808952999,195851.1558468794,0.276560595634908,129906.80519976951,35927.103423076216
f13,COA,1952.6617243289948,1997.161690235138,0.005047119806224657,1978.3972664952278,9.985208028308787,32200.649043183945,234340366.31265137,4.17300313737125,12523143.866809148,52259118.64594611
f13,HGS,1899.9705455303192,1944.936987876892,0.005666591051686352,1921.7532064914703,10.88978952345412,1716748.6262424637,6566125096064.986,1.9089492860280421,827633671753.006,1579910706785.6677
f13,M-LCO,1912.1425211429598,1951.824987888336,0.005402750984010781,1927.5574974894523,10.414113166298497,156032625.54186863,9071051879453.613,1.5384073121860309,1315521404875.8457,2023807748598.2412
f13,CHIO,1913.4569251537325,1953.226318836212,0.004191703095881825,1937.0755937218667,8.119645763161072,186725124.51459828,44626792091207.54,2.2521017584299283,5229776727506.117,11777989364212.443
f13,SLO,1904.9585282802584,1934.1072335243225,0.004268479745259787,1918.106426334381,8.18739843006094,88410.94177438036,417151.94993396953,0.4409972508127473,162087.13182275885,71479.97952596002
f13,ISLO,1572.3936927318573,2455.941289424896,0.1335018667915515,1885.548012149334,251.72417954703508,103339.98365239406,12780251717.712862,3.7727467546985074,755181951.2381341,2849110255.740557
f14,GA,1814.091454744339,1846.1758761405945,0.005250180001505531,1832.5754555106164,9.621351007771727,626.6495443065278,631.2259301952847,0.0019297049893713903,629.3484846231659,1.2144569108306469
f14,SAP-DE,875.5808131694794,1403.1509683132172,0.08332272393712936,1196.0241359472275,99.6559889016745,638.7570146932575,646.1889150200401,0.002839559156725885,643.1275038579126,1.8261985925219977
f14,HI-WOA,1931.4858095645905,1965.8677246570587,0.0040798340813483665,1951.0446061372757,7.959938278349758,636.6365588888634,644.5646370682191,0.003222943557494573,640.462392094799,2.0641741404194955
f14,COA,1843.8584620952606,1882.4991326332085,0.005275059112015429,1864.4343381762505,9.835001344351086,618.7021793043166,630.2410535352019,0.005141950628144733,625.8338523607893,3.218006770260798
f14,HGS,1798.38431930542,1830.3869001865387,0.0054386840524228005,1816.5677753686905,9.879738190042861,637.6996355582801,644.8403511559106,0.002953712056990353,641.7770256513729,1.8956245385658672
f14,M-LCO,1805.5701086521149,1843.5084202289581,0.004626983721653643,1819.0327090620995,8.416634733985862,634.2664555891308,643.0254630880245,0.0040639547508332634,640.1316710179749,2.6014661455923345
f14,CHIO,1805.538010120392,1849.9244983196256,0.00551699323712721,1829.12626734972,10.091277246820141,620.4370379507517,624.5381343405182,0.0020271892737118978,622.766424756881,1.2624654162950566
f14,SLO,1786.094208240509,1823.8450632095335,0.0059257834942263886,1807.9308881402017,10.713407015643263,629.5694349172427,639.3919461522822,0.004329611717230743,635.2721104399385,2.7504815729906604
f14,ISLO,1501.8448605537415,2306.072034597397,0.12584252139370766,1833.9332261681557,230.78678124869742,630.2366096672807,639.7313102537374,0.004560902612832663,634.0659739365167,2.891913157235346
f15,GA,1472.148094177246,1503.1175665855408,0.005434682430876167,1485.544892835617,8.073464729371546,999.5899913405507,1052.2187335420658,0.013566410642123416,1028.4911143073182,13.952932798468172
f15,SAP-DE,932.09321308136,1538.7813410758972,0.13070766101789352,1013.2060992836953,132.4337993664354,1170.2030190878602,1282.0109680644282,0.02571813122960962,1227.2781413960315,31.563300295654532
f15,HI-WOA,1560.373302936554,1608.6314899921415,0.008392621817052554,1583.695893895626,13.291360710684978,991.5310499279144,1244.7591332555673,0.06923226736409227,1088.892870201398,75.386522320637
f15,COA,1490.3670978546145,1526.478465795517,0.006185704057280856,1511.2200999736785,9.347960303851563,930.4199502764426,1086.9177689754608,0.041710725694558706,986.7411014280158,41.157687413210695
f15,HGS,1461.3377685546875,1488.3654096126556,0.005374711481197863,1473.4372509479522,7.919300109494575,1082.7254054025736,1188.403607963673,0.028360824325842235,1142.9685764651863,32.415531007087125
f15,M-LCO,1459.8051264286041,1492.8842678070068,0.00575783464688749,1476.6334388017654,8.502211174685423,1069.1325664489527,1199.3250259782114,0.03361643628781802,1126.8942543835285,37.882168905592074
f15,CHIO,1475.3498690128326,1501.4766142368314,0.005370858348050002,1489.1419785737992,7.997970627054787,1168.2416163565101,1347.182269729983,0.0363088705926632,1276.2279452626879,46.33839531128339
f15,SLO,1452.1552712917328,1487.6089861392975,0.006212146576176982,1470.6941269636154,9.13616748542062,935.5092961197763,1122.691185791832,0.04357689944928835,1018.3552690032104,44.37676516100589
f15,ISLO,1253.1330614089964,1910.2869250774384,0.10357878983246185,1511.6183794379235,156.57160243068725,1042.2147123333634,1159.01964117316,0.02883866947849936,1105.762007268409,31.888705049495652
f16,GA,905.699595928192,928.1831624507904,0.006726328403360903,916.8856303095818,6.167273857784804,912.8759223471491,913.507632038936,0.0001454369747242048,913.194671578721,0.13281227036867294
f16,SAP-DE,574.0795004367827,736.6058473587036,0.0810161130707071,614.0910956740379,49.75127364284226,913.1286501771621,913.8628211407492,0.00022277657440609674,913.5573192714755,0.20351917011091614
f16,HI-WOA,900.8003461360933,978.421548128128,0.03064931659813393,951.7530913829803,29.17058182104966,912.5512768163237,913.9825191198033,0.0003763676303574682,913.4496470003644,0.343792879092393
f16,COA,906.789076089859,932.9635360240936,0.007922931791573697,916.6229111909867,7.262340803959901,913.0890097448233,914.0361736297267,0.0002637167628646401,913.6046470112258,0.24093286004789263
f16,HGS,884.913076877594,909.4390218257904,0.008332503499961202,896.0883224129677,7.466659082780416,912.8371986526324,913.9190748957718,0.0002660114540963681,913.5773245750964,0.24302203253969104
f16,M-LCO,879.2062718868256,901.8273558616638,0.006882585993273611,892.2242712855339,6.14081027240857,912.600596269298,914.0109653386393,0.00041743449124317667,913.2978391662706,0.3812420188458648
f16,CHIO,896.6213688850403,925.9729351997375,0.007969300974216019,913.5851746559143,7.2806352224146895,912.6307413917447,913.425401236814,0.0002582535754668791,913.1697035585281,0.23582934095201993
f16,SLO,885.5774719715117,905.3515355587006,0.005869376365574331,893.0788723111152,5.241816025736636,912.372420867914,913.5539520100226,0.00037136417645494034,913.0212943451916,0.33906340106032573
f16,ISLO,894.2872169017792,1369.870058774948,0.11182752345234695,962.8664788484573,107.67497374490459,912.1584115856675,913.3672624347583,0.0003934443462879168,912.9296924268863,0.3591870260437252
f17,GA,1093.6713516712186,1339.2529258728027,0.05609789295610418,1244.2288659334183,69.7986177340278,29024108.3145362,47056480.02689987,0.1145134672344389,39928830.342711605,4572388.805159575
f17,SAP-DE,788.103084564209,1139.3933103084566,0.10381378596877029,898.0808306336403,93.23317113405618,22395027.493135933,145130831.7195686,0.3758203337631451,81086857.55660082,30474089.87072633
f17,HI-WOA,1171.6303119659426,1356.5229773521426,0.04618853462103994,1265.5730661392213,58.45496538082709,515238.80428832455,11245216.270928973,0.8640566935726615,3760593.1195815466,3249365.6567777316
f17,COA,1144.3674430847168,1355.4504990577698,0.04421884094382085,1248.6985894203185,55.21600431235052,455911.98995975615,16945753.88461654,0.785969297643022,6520923.143579438,5125245.383143258
f17,HGS,1161.9590048789978,1318.5473215579989,0.043852488699907835,1251.431382548809,54.87838056193169,10846300.562607516,108737239.82236844,0.42367541225319943,58749483.63286264,24890711.69781567
f17,M-LCO,1199.302723646164,1327.2354633808134,0.03956758517361863,1260.9083714962005,49.89109938530468,5388998.317132367,137381664.49684107,0.6538555629737192,53451866.050406985,34949799.96838468
f17,CHIO,1108.8980679512024,1348.6477980613706,0.051375142638605514,1226.8564268708228,63.029923927578416,3104446.7364064083,12889803.747332595,0.4374107150880741,6549682.513872989,2864901.311993039
f17,SLO,1172.0732576847074,1325.3935437202456,0.04013420892976626,1255.6673754930496,50.395216794329315,9373816.077397097,60900794.14220663,0.45285889264471857,31574259.838603903,14298684.346586773
f17,ISLO,1215.9440159797666,1814.3929615020752,0.10041728293464677,1381.5915322184562,138.73566779089288,7807162.014311817,50833984.44668017,0.4448819686998834,27953486.10156712,12436001.928890008
f18,GA,1245.6073670387268,1333.2642982006073,0.020803270689290047,1298.255143582821,27.00795317571654,301384715.10215163,1859242031045.0588,1.4376811407662524,329093192108.7988,473131075849.3854
f18,SAP-DE,782.3512783050537,1068.533555269241,0.05260023410345358,964.2511975169182,50.719838723925356,1993282923.8475065,710890222535533.8,2.250432761676372,78064796847179.78,175679576358503.75
f18,HI-WOA,1340.3297111988068,1454.7086055278778,0.021389245957481717,1392.0783867359162,29.775507005988867,3339.506478447847,17890.601388803927,0.3864815848746465,9190.949700907568,3552.132806909915
f18,COA,1213.8382098674776,1401.3340291976929,0.03009854345775993,1316.0066484808922,39.609883300003126,6508.8204850706725,20034.416472849254,0.34080594726644825,10959.58930065843,3735.0932132621274
f18,HGS,1236.2338378429413,1327.3806190490725,0.020031853300345223,1285.2690425395965,25.74632091162836,8343.893119471019,195164106755032.1,3.6570489338693934,12059818450784.463,44103346208099.76
f18,M-LCO,1235.4381923675535,1346.8765413761141,0.01982824178198309,1282.9522071123124,25.438686557351776,11964.461414775884,1042891888445.922,1.9189704284688711,145966689059.86896,280105759847.39923
f18,CHIO,1220.8115799427032,1349.9598677158356,0.024437837662950983,1288.117222225666,31.47879956760218,7005.619843430358,20295.96757022747,0.3425125348492213,11128.184250896753,3811.5425960438292
f18,SLO,1199.1835279464724,1335.0374102592468,0.02616187975389457,1274.7087828159333,33.34877789726376,4701.682098029552,149084226531.98776,3.2866687679088162,10414566634.270412,34229230888.161804
f18,ISLO,1271.0223038196566,2054.000036239624,0.1284659538540367,1570.5178098082542,201.75806848176998,4554.922646057755,53626743119.15737,4.465470320641107,2685141450.4480767,11990419453.6991
f19,GA,1242.9267179965973,1382.6441860198975,0.029397182089409186,1312.99140625,38.59824745136068,8261.222724704543,9534.993796741554,0.03871050017534265,9058.127288990092,350.644638008727
f19,SAP-DE,808.1436192989349,1005.6126112937927,0.041735503245425055,959.7793952226639,40.056876064207586,3099.044170984141,11756.7167259871,0.3513034748843543,7064.281352405285,2481.7065866607227
f19,HI-WOA,1345.4473826885226,1466.2441732883453,0.0260023803610603,1400.0512711167335,36.40466567656326,2211.8923655784783,8387.434720400437,0.32107091785781716,4742.521818667697,1522.6858332803617
f19,COA,1234.4792482852934,1378.1974487304688,0.027975124956475497,1319.416077566147,36.910829639495724,1995.3067352203823,2468.367603302039,0.059525569404448676,2113.0925285803432,125.78303596803117
f19,HGS,1254.0100982189176,1354.8029482364655,0.021466338743843544,1297.6187497258186,27.85512364197716,2782.955812681924,6279.926909477874,0.2696826092336354,4299.434606469165,1159.4827429019929
f19,M-LCO,1249.9140396118166,1362.4493131637573,0.0260190605272061,1299.465833723545,33.81088018068925,1950.7987949014805,4316.492871712041,0.2275637325403406,2871.553144322311,653.4613517099364
f19,CHIO,1236.1050174236298,1349.9396333694458,0.024273706934132232,1301.0368087530137,31.580986206189298,1681.124906425502,1819.5104291823075,0.0218037992623794,1731.3721974534014,37.75049184173868
f19,SLO,1224.7296683788302,1319.4421989917755,0.025162875754837135,1271.300355565548,31.989572894176156,4394.169267753472,10305.09332016668,0.2325533640318646,6868.598856224255,1597.315770200368
f19,ISLO,1319.0320377349856,2015.501868724823,0.10548942344884824,1574.3978261113166,166.0823189556028,2616.558813707829,7350.208412078827,0.24840172464620638,4817.657965586314,1196.7145474071745
f20,GA,1588.0386872291565,2239.9128708839417,0.0846422583287854,2095.871109569073,177.39926387998355,2926.434884998465,3067.2722090827265,0.012123900540609613,3017.7081126382127,36.58639301821644
f20,SAP-DE,1435.6185638904572,2066.53788805008,0.08517810033879483,1559.9342078924178,132.8722324817788,2871.277300922668,3214.8895373325568,0.024810548135913015,2951.385281104421,73.22548658446641
f20,HI-WOA,1330.9737193584442,2370.253629207611,0.23563789250492145,1882.6703853964805,443.6284818962549,2611.5474433869613,2972.42750003206,0.02471485886338943,2829.0606377723802,69.91983437851486
f20,COA,1327.8296749591827,2264.076434373856,0.14584172943830528,2057.513426268101,300.07131642947286,2778.652049036925,2981.7153769249617,0.015162875990382232,2911.0257469838584,44.13952240632605
f20,HGS,2038.094656944275,2206.620168924332,0.02012006724159739,2123.9151703715324,42.73331604332401,2954.3672997428484,3138.3384364371864,0.01640394891984435,3043.5692632909295,49.926554729032716
f20,M-LCO,2023.607005119324,2256.1347444057465,0.02793627944411012,2125.2879675388335,59.372638560369694,2676.290195240985,2881.0456061358386,0.020639896065553127,2799.850168406405,57.78861647502962
f20,CHIO,1390.7090723514555,2213.3873872756963,0.11034138795873573,2042.497084724903,225.37196323021726,2105.4252745159847,2681.719076050269,0.06774734322846615,2331.40237933408,157.94631719640856
f20,SLO,2014.6421389579773,2255.4564764499664,0.031143942583687807,2143.7603939175606,66.76515062135246,2049.4924855079494,2992.1306222909443,0.08816524579468506,2745.480160361061,242.05593316266427
f20,ISLO,1973.172288417816,3071.576614379883,0.1429675812152289,2367.6436826586723,338.49629048922736,2704.491921089928,2927.008481704372,0.02199718166228673,2838.9270305779983,62.448393617600466
