true,predict
0.8905553217755876,0.9706515703050167
0.7421310123455098,0.8329044472402188
0.8479053285209102,0.8738496623025379
0.7447493355950572,0.794151145538216
0.757845869851199,0.8555304548442058
0.7763116863306105,0.8689009100210593
0.8117149010126966,0.8233515601473105
0.883756473157439,0.9076500848603111
0.7243861593521916,0.8025294376020884
0.69912312607572,0.739144906573024
0.8926811394863337,0.8723353703761244
0.9136437936435516,0.865710243068896
0.810424519193995,0.7686100565908159
0.7217525129571405,0.844958169675959
0.7596545647646966,0.7569961945465512
0.743050956511329,0.8543461948073479
0.7755855583911044,0.8104416261765055
0.9117466218643816,0.8607648713290484
0.8392706628974274,0.822830608030962
0.9303451957326478,0.9603084191032717
0.9584418598219584,1.0474639864753428
0.7249160441159856,0.8210017529053737
0.8684124801403436,0.984261000088696
0.4768933421930136,0.6512395033724785
0.6771001532527973,0.670401672368358
0.8209096737503452,0.7192526015519018
0.8830347862335419,0.7445386299280479
0.874046148400655,0.7669175819918503
0.98471024482094,0.9433361050601722
0.8548745315054097,0.859072323928831
0.7552272153873103,0.8217525073779488
0.6887219571940849,0.820731111099426
0.5529508392407414,0.743390549036838
0.737665032816565,0.7794638407043485
0.8516320996100313,0.7380608196034919
0.9414813830719124,0.9079155950836755
0.7208057919134434,0.8751080849755155
0.6417167308757715,0.7278831759192462
0.8479472498022107,0.7915646886794969
0.7039364037162208,0.7596152753870442
0.7086864851396815,0.7723260309941974
0.7237623773877746,0.7713583086503264
0.7972875302398608,0.7736249933473491
0.8246364360349301,0.8457512124217134
0.6733478462150992,0.7267335798969858
0.6882351144306839,0.6875665177800235
0.8242836422555155,0.8092999350937701
0.8818872256845529,0.8286367906261337
0.8739495316353386,0.8236950871129384
0.7129740179818248,0.7991801879687419
0.76316572979879,0.7971330089435098
0.6868760878974219,0.769478317236477
0.669237499019493,0.7636906442677975
0.9237255970417372,0.8326695994067224
0.7141940080740075,0.8056923565735704
0.7782399604630702,0.8545944793518792
0.8033039658356088,0.904468222320866
0.8140431940721682,0.7266538624885158
0.8466476329406376,0.9023239223067462
0.420623752891226,0.6038442813277961
0.623106019672975,0.6664083485332614
0.9079050631456248,0.7376393582279525
0.901027048039293,0.815623306364635
1.0238827895570672,0.8697088817230113
1.1355555630531755,1.023108688000744
0.9262321051770156,0.9961772722961727
0.7972047240706115,0.9407059028019306
0.7149941003141305,0.8803931888683489
0.5983975826570336,0.7327710500762845
0.6279570637482188,0.8071898254357197
0.8436032855136903,0.8183333020772607
0.777320465995291,0.9000968442373201
0.6080665499395331,0.7314105508173474
0.6269377112576807,0.638206201049235
0.879282912101462,0.7687649913968868
0.6695200531939586,0.7246474669068838
0.6830299834810822,0.7269849919341687
0.7467091785948572,0.7240343292912488
0.916475652045593,0.7786316358533896
0.733884163920095,0.8597904879310166
0.5902605918757194,0.6984438112458881
0.7173033860418709,0.6745906173783904
0.7883768443476309,0.7678343471345294
0.7919379745350956,0.8170350867862559
0.8794423347326847,0.8481506735796699
0.7813146447901232,0.7707006727697054
0.8219425567955932,0.8271645588187505
0.7223713775676172,0.7860330099650208
0.710802281717744,0.7501716266478297
1.0187970223705074,0.90407536547484
0.7714488169428699,0.7728449047111886
0.8055014640841517,0.8292847424420816
0.7910107098906228,0.8641056082428263
0.9063646129933548,0.8223286792656495
0.8959040945153518,0.8970570234489004
0.5157315193827735,0.5993685820150998
0.6871535704742582,0.6872308077632225
1.0012142425173969,0.8445297711795223
0.9930151591493012,0.8798493427107693
1.0752920541794238,1.0503803352882164
1.3367001238480205,1.1753687053423143
1.0397357462586776,1.1383688236968619
0.896352702200982,1.0773478462983823
0.8168900820221757,1.0150497828867786
0.6864875768163212,0.880903579543755
0.6410442288625097,0.8303764568781802
0.8357831081789131,0.9143964966104525
0.6231911426336245,0.8460032776310565
0.6571185528009399,0.6670085631540522
0.7410216380244689,0.6640941126150025
0.9730695901520016,0.8309447470642318
0.7493299217300226,0.7546748819162419
0.7666458209216942,0.7731974883886392
0.88490431391094,0.8037050722362957
1.052853890010418,0.9504046361944551
0.7751174128771242,0.8823386785550617
0.651308230811396,0.7280518524960854
0.754875095987865,0.7735292994254109
0.8689654567333746,0.7865234406215574
0.7115647882287568,0.812661964186006
0.873415410025866,0.8539091046182989
0.8546233271655069,0.7981130019570786
0.9146757661775636,0.8552513218842153
0.8163047052844201,0.8351998062247452
0.8161704379776669,0.809679863248681
1.03286644983845,1.0048328810555365
0.9150654376566074,0.8202967187899873
1.0044655475417672,0.8942005870837207
0.8180374810271683,0.9308044144699613
1.024853160083628,0.9298980137530252
0.9853518326873684,0.9648140795911612
0.6987206736870883,0.7044639361264076
0.8449282356637954,0.8097521021755987
1.103391039429585,0.9858602479283161
1.1983916714474767,1.019516641738583
1.2375268317337245,1.1875459167913962
1.4564926582386484,1.429581213794487
1.2316167503840918,1.2988251204514618
1.0533304335565452,1.2609649398277987
0.97282061704434,1.1985269024121572
0.9017761180372372,1.0598834732280626
0.8189591854502296,0.9738266644675193
1.016069663782762,1.048357727958424
0.7406685632322632,0.8776617684415862
0.8675333692179457,0.8463298624782404
0.9792875864399048,0.874776750195901
1.080824553591207,1.0319914797937915
0.8842207827926034,0.9211821270709872
0.9407332530267888,0.9373459738382925
1.0657480423943273,1.0127803423249189
1.2053449704441563,1.1566395985643658
0.8958379646446124,1.0139471555173512
0.7509103916600677,0.8806516127164399
0.7654199819973285,0.8798565953968941
0.9060234878430778,0.890081403591281
0.687904449101231,0.7793048021601058
0.8618856654405803,0.8535957148808577
0.8942771217872911,0.8240001459863233
0.8725988943901909,0.8777165792109795
0.7940129477830441,0.8269617068123809
0.8872484490548687,0.8001401508718518
0.9354379122118568,0.945450135925703
1.078833894420035,0.8299668087619252
1.078943217677211,0.9902700489777678
0.6561243639732496,0.8806780327523007
0.8834150849968673,0.9136416924083539
0.7876276864173772,0.8666080619019009
0.6111333691139097,0.628761103856902
0.7934530741923065,0.7222639324912307
0.94105347144853,0.8594155950840128
1.1705618794436017,0.9510083685114435
1.0177642608089137,1.1016879422621557
1.095964488152937,1.2696123420813654
0.924982341507062,1.1338067119386914
0.7909219185263492,1.0253084564955988
0.7249982524163038,0.9605457860232165
0.7366805260450823,0.8670924606887503
0.5982536628202935,0.7706801373585928
0.8008286578984303,0.8416708675420594
0.5478288729265284,0.637266955355999
0.6029609006408834,0.7038814948839331
0.7299925090540174,0.72493242851931
0.685464369063929,0.7954133758410316
0.5797777321212119,0.670641013618461
0.6899501311947422,0.7280005843314522
0.838477660079634,0.8153769140729394
0.9160224573743528,0.9572862184963568
0.6939283376284427,0.7835647414198691
0.5561539675226349,0.6856860703276566
0.5204120242262489,0.6383154710978393
0.676918990624327,0.6953647405325301
0.5689685963910928,0.5493060122757573
0.8020392213640546,0.6819990364578135
0.7798345372568843,0.7385814348969035
0.6251319735660408,0.7314491380287447
0.7482343282905141,0.6581351837083251
0.964611655044568,0.7643275103374247
0.8803098461771129,0.8471211330784006
1.1413220000229822,0.9705681498527594
1.2019981849777748,1.0742269972835656
0.5406306547061244,0.8611984217757302
0.8574906297749703,0.9105300751680843
0.6385251501148338,0.8368188456283495
0.5998758798124869,0.626493576584474
0.8834203085432694,0.7720024505733898
0.8349311172564104,0.8579927699684651
1.3253115710967254,1.0422980087378502
1.0636609239751114,1.1052820105162264
0.9401317365909282,1.1942889549039994
0.8219081550171786,1.0778410571929233
0.8511628204766025,0.9714757091740654
0.7496548414215374,0.9433079698354475
0.8449605381884873,0.9127310778066134
0.7279727899594726,0.8073117348490783
0.9577467812730022,0.9066471523420978
0.7888085644763757,0.7515216068244646
0.720759069718681,0.8125623983890861
0.7414609294354202,0.8405796963182587
0.6825712583115061,0.7696184031754829
0.6711221713456532,0.6906390279289331
0.7931774660335129,0.779549786798728
0.9610495569981792,0.8792740037836566
1.0125219515299206,0.9578168185891143
0.8773630079630153,0.8328543266307109
0.7208637038545793,0.7632078834836181
0.7678777097301258,0.6772356190786203
0.7940427984769576,0.7865355512347754
0.8211779337970903,0.6878420594127228
1.000390408200602,0.876763108294077
1.009580242604781,0.8780702759337845
0.701826275304289,0.7962234546098598
1.0075108970663458,0.8059492399247515
1.1977234883023342,1.0163718356784543
1.083524280327108,0.9905381613322195
1.2554484453886032,1.23227245655533
1.3438000272683663,1.3251841799134456
0.6121862758756451,0.9260428898127824
0.8738620855361849,1.0519421365162613
0.6301530287483645,0.8320850184196715
0.5577994871154974,0.6857990836675018
0.8827420402113664,0.841756823903216
0.8519696001868287,0.7605548123440875
1.521447993848055,1.1522360442595652
1.1283280377578042,1.1496391172903921
0.9267934434607406,1.1012664427595023
0.7681443764112784,1.0261863535825002
0.9396446140496096,0.9932435895495795
0.8013474513171708,0.9389802686189811
1.067317581329349,0.9623881474706888
0.8466903974887753,0.9237204264569532
0.9088513649528628,1.0279483940769263
0.9566486256016202,0.8844869181879264
0.8724161269252635,0.8805889820912342
0.7234556446197997,0.8766878089668577
0.7558473118716402,0.7640326693341315
0.7521134675680513,0.7533662090519797
0.8092137221882483,0.8322376089308615
1.012753151727798,0.9317464119525389
1.0410239480051635,0.9621366207734984
0.971172838927878,0.8914313256007953
0.8316789903245458,0.815037113897776
0.9954131720226004,0.8119026098746939
0.8878507163987166,0.86919514735509
0.9896518031339984,0.8777773650279084
1.114613565305819,1.0295697861082542
1.136629635651618,1.0646682720232652
0.7285338503354968,0.8924148673717924
1.079508906987542,1.0034771738973978
1.2804386113420256,1.1709431636395824
1.1434303252364555,1.1405880907154509
1.2475642815674908,1.3256738524969074
1.2851983188279614,1.4273177897297828
0.6528466964514401,0.9461528902225174
0.7757125912669717,1.0583089043750749
0.6063872944848245,0.7806171650997341
0.5333022993214026,0.6156152200103677
0.8628928428456122,0.7939177892207072
0.8554587887153406,0.722900282931171
1.555149639389486,1.2327656279082246
1.0840859695094458,1.118957925686389
0.8495159319152508,1.023536705185441
0.7065118466003267,0.9060149321443084
0.9600072694600096,0.9862111779110472
0.730418200472843,0.9027671510315549
1.077723276986876,1.025660733066992
0.8016871684232912,0.9113621307542832
0.5685270636483167,0.9021164045223935
0.8522632511570862,0.8349508033281625
0.8413558963363488,0.7974210083976846
0.4729093689831272,0.7079760233415757
0.6067667724229711,0.6304053589187042
0.5654945626586468,0.6094387467731818
0.4905206276509954,0.6201974858677758
0.8181074346370097,0.716848715684292
0.7883478177722127,0.7165307226206691
0.7153349374040987,0.6806099556442928
0.6365330118011939,0.6014132936590281
0.8930893819687958,0.6955015015083119
0.6851791714689696,0.6867124816484538
0.7496057084539434,0.7704229507099507
0.7416891802400323,0.8541085413833405
0.9546995304807632,0.8603495890628974
0.4584960641755022,0.6760106313474681
0.7893206552449755,0.8040754481481509
0.9233975753636036,0.9646771069052237
0.7942685541376404,0.8869204534924977
0.8720587942225105,1.022987967154855
0.7462239958624955,1.0767612588501392
0.4028843494206821,0.6114819441138136
0.3460022347876761,0.6635594237686705
0.36577252210027,0.4197723451729514
0.2573605135902205,0.319784329989909
0.5991413268899837,0.49715430922943177
0.5633737406759076,0.47988206765078917
1.01672489415373,0.9969881616733594
0.7697919789486835,0.7614388285476095
0.643685309378389,0.6957206429323016
0.6877815432379135,0.6390631142251652
0.9329138070443536,0.8873406147522502
0.6313429259588617,0.7768499511463678
0.9728472218624332,0.9935180967766204
0.7786415781342383,0.8511317674297182
0.4668599711934001,0.6910145694043521
0.8872897481896463,0.8395077712005135
0.9238353465898445,0.8551363407971466
0.5837810176508005,0.6474863408373962
0.7193043340818315,0.728755213867655
0.7245986059569496,0.684056676423708
0.5468124605020862,0.6310215382540938
0.8601012162517139,0.8258323858431501
0.8448267365778549,0.7739138643046753
0.7828888139608781,0.7477075713038503
0.7685476594765528,0.7208584200620434
1.0603300069568506,0.8939741237949991
0.8383190274249657,0.8223824589695606
0.8192258855179422,0.9182871039544707
0.8342806688358113,0.8866549186626862
1.0649538278094444,1.0509189359576234
0.6416293193628992,0.7817226455916103
0.8378525270649708,0.955158932955374
0.8276055031434238,1.0299971656725577
0.8996581272638055,0.9088060620721731
0.9409590870208568,1.040568438886859
0.6269587585440994,0.9567180127874575
0.6741415792667558,0.6561725832428242
0.4351432151405364,0.6191422863335029
0.6752394570332129,0.5114577313172795
0.5069724100473774,0.45020821560713087
0.8360563729639652,0.619684188085482
0.7147895791810914,0.6042956013630016
0.8901918323676439,0.9013321347058116
0.7977571204151093,0.753968054315293
0.763936210008851,0.695619099309286
0.9457677116638732,0.749465891939999
1.1698388434032432,1.004250260529622
0.6865586711018095,0.8595954152430787
0.936905188395738,1.0407714405398696
0.7716193479995622,0.8956885101398512
0.5113585758623654,0.639801388118621
0.909553755313482,0.903009021868536
0.923115660670222,0.8981744714235612
0.755990844814663,0.688656904273117
0.7859741504732317,0.8193902440882703
0.8097952470945291,0.7865303335203798
0.566426070087009,0.6573500486851942
0.7981541504505019,0.8263766857040269
0.829414217208441,0.7801324805913687
0.7606535294771226,0.754185937977362
0.7552365731976151,0.7624598607275638
0.8994924883983852,0.9404536965421808
0.9207782519550568,0.7941814209087166
0.8308576935487479,0.8876654081127004
0.8855544543925792,0.8838606547525458
0.9561874126541848,1.0743698759163045
0.6820127024563157,0.7925358043851615
0.7195049894379573,0.9195314705732233
0.7611131551765797,0.8648922128566633
0.9942911131517176,0.9064427218228817
0.955928574327246,1.0070638540327816
0.634959348781412,0.787041829780861
0.9518430259556075,0.795629635416816
0.5844978604580364,0.6517002951023465
0.9024505639966878,0.7600838823940452
0.6967035146310212,0.6757975420275103
1.055889602113487,0.8550957052442086
0.6744493597615522,0.8288738802733367
0.9587579476384648,0.8526142912384408
0.8607363336053984,0.8602664508075744
0.7806289094128622,0.81765635228244
1.0754720455291067,0.9410155503374174
1.3104274116745047,1.1707676194686325
0.6878512584948777,0.9333505577245547
0.8208632954636763,1.0562861379319513
0.7154817607924528,0.8823892751849818
0.7218116180656602,0.6560533239927705
0.8732941948001423,0.978517556606785
0.8676070455148508,0.9100301670842763
0.9274898469249384,0.8024038988093937
0.8642382687988303,0.8865606500760177
0.9725378013714778,0.8885836323814572
0.7577174251296142,0.7581236451391343
0.86041124194692,0.9042640449122072
0.9665121783013668,0.8938189518073718
0.8271000788153118,0.8628164776089505
0.8462249689509656,0.8687042471114549
0.8474537534179923,0.9290914889665883
1.0773685887579063,0.9099884680190259
0.9406278352005129,0.9481843684698816
1.0774892887116234,0.994083931347161
0.8752917398721279,1.0858693271460114
0.8652681380701757,0.8364434655034303
0.7805299080838146,0.903135897987465
0.959306453913813,0.8781793067472059
1.2465186971198128,1.0633179127206462
0.9602438868177418,1.0977121083262646
0.8046787170102976,0.8235193110751657
1.1404355547043248,1.0618015372626812
0.8597309147095689,0.7911090993338855
1.1047315030812013,1.0506408521154509
0.945945255173025,0.9083746712104293
1.2042909754492463,1.1637165734480797
0.7856849843141657,0.9213224153793952
1.1682392594399955,1.0546592507976194
1.1136350292545052,1.0444028313920222
0.8903720640231303,0.9954488180065345
1.261002592045303,1.173083712976521
1.490046608532308,1.3825095912899235
0.8571462089650417,1.0473440320604164
0.9196631964608472,1.1160165997642297
0.9071468371443396,0.9574009094217959
1.0330106978985203,0.9394568069166023
1.0064498723312818,1.081988668032637
1.0322595376787826,1.0079118724868485
1.1051097252824351,1.0548124833820198
1.0568378654201742,1.025681839411969
1.23582068237674,1.1149293564886298
1.0415123728581062,1.0225210192858725
0.9935581325900388,1.094665036225734
1.1497397864998682,1.1181787972490995
0.946247608960766,1.0186704435618814
1.0054029656488563,1.0339495031315824
0.9181955600672254,0.9895553718316995
1.22560495911084,1.091377389576691
0.9881318790156216,1.062178536024808
1.284739160922082,1.144076728414478
0.9066109495868216,1.0566696905877093
1.0448276675582162,0.9850909297970998
0.8851782900978201,0.9648721644408059
1.1176071801762903,1.0253993359447098
1.3900185741021378,1.2530824852017184
0.989364948580058,1.0923168952663458
0.846796039565209,0.9382120373958436
1.1219360319027625,1.1441511327758183
0.8962615427412799,0.9029408272173928
1.0382415421310005,1.1004822206043927
0.9730354705009628,0.9548175785891014
0.9585628831893334,1.1524271316549681
0.6155075718602692,0.7950361984460407
1.032457360812343,0.9997613219164215
1.072566877160006,0.9773699470110336
0.4667995628272382,0.857899700347664
0.9925267736316482,0.9740801503635421
1.1707422957524765,1.1640634987374803
0.5160758275208227,0.777312586840907
0.6095775622183732,0.7888196518963267
0.6682099329461673,0.6832816849821798
0.7771317531311518,0.759181774196764
0.6544045653368717,0.7628465932872768
0.6993078152133211,0.7204397901804793
0.7146491512163655,0.76677417892935
0.7630045817213817,0.7192077984772742
0.9534041575451396,0.8782465968590502
0.8323303932857216,0.8083826239371747
0.7554352812552374,0.8157365879295605
0.8367555681623844,0.8987901612293658
0.6036362724765743,0.7338216234843787
0.778543576903179,0.7870799584322176
0.640990194859055,0.7021653779109652
0.9085165649391392,0.8742539605433544
0.659265188037467,0.7560103435691194
1.0065635977538647,0.9588065957545595
0.6907316647955453,0.7343950735156503
0.9696586668378686,0.8344980875017662
0.7851284735250232,0.8150410856634932
1.067386623075718,0.9599152941656773
1.3402498575313049,1.230659885942718
0.9790034873384686,1.027627072771978
0.8017945222409347,0.9631687393266608
0.9288319153835712,1.1350961334440584
0.9268955148753,0.9222943979763316
1.0248005122278916,1.097432938066777
1.000020531656924,1.050635540752347
0.952575298266222,1.0802121727023648
0.705953003856719,0.8280368345591342
1.1157824477250495,1.0940833391483065
1.2470786033167591,1.1636388835607852
0.734916135907635,0.8150320629265488
0.911595791796563,1.1646389208769505
1.1973175734439494,1.2087659926210188
0.6191606881997819,0.8084204626060054
0.7213846817065295,0.8581045495737325
0.891454347724625,0.8080638733791047
0.9378260313295768,0.8833303749670047
0.8484502424531396,0.8272296060826275
0.8238850974491275,0.8512429753790445
0.7157531241202293,0.8260125334897972
0.8305909697466454,0.8130064806417774
1.020023428425785,0.9540487680927713
0.9351953833117108,0.9159893229410778
0.8848231742570412,0.8936152368103508
0.7806832906204554,0.9340207084840739
0.5389793657478823,0.6797331046520996
0.8386263202846026,0.7776396259631146
0.6507239389706652,0.6556949045975379
0.8452150016707606,0.7924589909053776
0.5703954063405372,0.6292555255301883
0.8762891809904193,0.8271222320877637
0.7376833816788547,0.5966191917238524
1.0116002764063865,0.8185495253208774
0.8431243433238392,0.7557319445760409
1.045415160933964,0.9557886098499089
1.363320435559512,1.1944202811637399
1.0609169840721435,1.0266016423108622
0.7992697530105302,0.9626321478136759
0.8184750323754562,1.0064430869201175
0.958910408674669,0.9262755239302457
1.0410757331992446,1.0476724652324052
0.9379033530709724,1.0352467514397319
0.9162130152351136,0.994093219327607
0.7304594651470899,0.8074100531292511
1.0504896965984605,1.0744004972822228
1.2251893403915248,1.1929743015694323
0.8424822994734447,0.9076963089923993
0.8279403070625585,1.0307550332225006
1.1672285372564055,1.1732135816760807
0.6561514487867659,0.8112846100829939
0.7613112729333139,0.8679524140127026
0.8908837792237841,0.9209889298631496
0.9448181476523272,0.9229497390056244
0.9663689662934812,0.9117414939371001
0.8562101120662694,0.9354410762147741
0.7353857097306363,0.8276967677545537
0.8670004860902658,0.8867863447727067
1.0085681026813798,1.024573531780817
0.934421405875675,0.9980751428458925
0.8530974690167675,0.9815477432225986
0.6938645409751788,0.878505211422298
0.5013478480804553,0.6189169246067966
0.8713331269599854,0.8009432215159548
0.6131982372253276,0.6460364702869914
0.7943822895904464,0.7305007007922427
0.4417466141826422,0.5480501565585458
0.5844851607079495,0.6793216103214361
0.6183892221772951,0.5148079996745488
0.878093134117081,0.7123844098033023
0.6718901102241626,0.6524111632169215
0.8409295605346525,0.7913951900850298
1.166994814096536,1.047585727942505
0.9453414972300076,0.9063941280444071
0.6427898135919274,0.8034450102499385
0.6019028803659323,0.7791170192552775
0.7482676175940809,0.7988001244945782
0.8552080945312482,0.8760002099973405
0.6654011219342332,0.8150626695217672
0.7323710713407372,0.7667458724259623
0.5798393098198642,0.6331291858591671
0.8137790644151177,0.8298049786568974
0.9499058413144128,0.9815583913536914
0.8846009510690808,0.7605068495134122
0.6624928943495124,0.8231343419048626
1.0468369132978563,1.009988175808097
0.6591536942202587,0.7137122794351081
0.7418977697920709,0.7979537834446038
0.731437641468021,0.8557436730675753
0.8566090775466445,0.833767781615128
0.9152930493735688,0.905226490066461
0.7801470824377529,0.8730296763266543
0.7281850704282314,0.7807771972407285
0.8147521092339982,0.8882557840474455
0.953683838913904,0.9943508669888386
0.8741813607434763,0.9912574078822826
0.7246846987399245,0.9461521414297678
0.5961198044561242,0.8059858343024098
0.5738289710461528,0.589971322258586
0.9535284773015996,0.8635044226899411
0.6671152331767682,0.6925193654674702
0.9002794437982455,0.8051603880566153
0.5908545701372817,0.5925634478512236
0.5833958497061502,0.6613780016677423
0.685369805341713,0.6241389004977984
0.9091989463392084,0.7915013142211836
0.6881788023305593,0.6906149791775001
0.8539529812184546,0.816933059673764
1.1793308582443194,1.0659902170442415
1.006864485312682,0.9733703883493309
0.7566614714205755,0.8348626279889636
0.7016532241733029,0.8005965507595203
0.737405399096427,0.8415749795838012
0.8251968231222863,0.903771077949672
0.6169809064086464,0.7478172232377889
0.8463962251954238,0.7478854470559886
0.7400765260918183,0.6637440852233846
0.8597582172777798,0.8145450307974591
0.780873262194665,0.9232728019436809
0.967043449660936,0.8507356172390875
0.7094968084378608,0.7556675373192201
1.0854756911270964,1.0115771540896947
0.9476248169358978,0.805278651386137
0.8257717389799445,0.9281857910852553
0.7130780037323317,0.8679408456807236
0.8401454710473191,0.8898194721473516
0.8806450602503734,0.9285902783172745
0.8397002024195401,0.8506587908443543
0.785724782268289,0.8260750663780515
0.8817347750819748,0.890886948543519
0.9690490921955668,1.0107217512717506
0.884809119779999,0.9764383377732114
0.6907861056040674,0.8723340194219383
0.6896750864182303,0.7428148042270585
0.7775152323587065,0.6798935988064839
1.0397906821949834,0.9655151556276981
0.7337798575187793,0.7799311996892168
1.009245506936585,0.9269454850829837
0.7042214909381175,0.7371615282302293
0.7086943016416551,0.713156318908975
0.8120383124813012,0.7630072198732063
0.9137975859080328,0.8918898691093626
0.6576835286358427,0.7450791664528462
0.8769874200414078,0.8423071064208866
1.0972551707058296,1.0885985493018224
0.9577370610357668,0.9998107216391977
0.7225091445069052,0.8687350309185833
0.7235984570537702,0.8054380490397294
0.5724100301087062,0.7891719774130543
0.7880987911049991,0.7900783947116419
0.5054114449022604,0.642253824303854
0.7764753380154167,0.7358698743236667
0.8313660292464022,0.6696047165755794
0.8068421491387845,0.7794554644994387
0.6613368146327989,0.7304113470934217
0.9016558483069208,0.8470531855136932
0.8183860785021303,0.6803469269383083
1.1540575670515714,1.0084865412697535
1.1036110904540235,0.9959898226686512
0.9481623105632548,0.9808219992337996
0.757462841535669,0.8959954253038767
0.7375649416562063,0.935051163663372
0.7595170918185302,0.8928066478403454
0.8040767972013987,0.8444368346565322
0.7395762408651358,0.8014202673168634
0.8564264074321969,0.8612141169611114
0.8509456877055959,0.9426253884074525
0.7777925439529966,0.8779931593126764
0.5863143206192889,0.7281721090052933
0.6717502395650714,0.6914025118644606
0.7602670093212767,0.7243526416361358
0.8887012214116692,0.9187774564316864
0.6004779045470752,0.7094158967753881
0.8250281924644796,0.8844301698083028
0.5475136001899789,0.6649624445183245
0.6720290101256151,0.6493196258792628
0.7806816888007205,0.7345832689652533
0.7008800097741285,0.8082615116047861
0.5308963527940544,0.6096905817940957
0.6574497098949894,0.7636209270350753
0.7521591765669428,0.8958503440963177
0.803475607696871,0.8038262210206367
0.5178843278706332,0.6878007970136746
0.609144826832346,0.6498444262574016
0.3238168537283545,0.5166180520457924
0.7335677693835061,0.5868228420114412
0.454865394673923,0.4288236959502784
0.6758487882775318,0.5849746162401332
0.770483364722998,0.6408944796037389
0.7466192934127186,0.63429045878437
0.673806034117201,0.5776032761995503
0.8064094432900896,0.7723283261407385
0.8656367560001926,0.7006367849458914
1.1486738996451369,1.027277253906603
1.0850962486384996,1.0790326343472065
1.071146986936848,1.048814898699042
0.837062456391438,0.9746711840504818
0.6824217909193043,0.9369928911506785
0.775340484392995,0.8787167667056367
0.8786023065530045,0.9055975785407822
0.708279987536157,0.8662690267195706
0.9514175842769336,0.915178905507636
0.8943628495219835,0.9492427453660043
0.888766403780697,0.9083281475480234
0.799641402073624,0.7984321435931997
0.8872273215549694,0.8676394175867508
1.001714288043107,0.9292973645996547
0.9630600103170012,1.0681508016602477
0.7190854253434449,0.8492605817548642
0.8997709210232026,0.9969337960114701
0.7737332038926135,0.7794550971201728
0.928945761069179,0.8829149625982502
1.0289204314698428,0.9753697906383696
0.876156798123769,0.9463480592516038
0.8797363770182967,0.8151456573636219
0.8182072339122785,0.9460182368323663
0.8530865257748844,0.9661427631608989
1.100466064610387,0.9925856619929558
0.6800165824727444,0.8259487669135765
0.9166909813236682,0.8380866225957253
0.6366061321025462,0.6265701634162772
1.0917812802886422,0.8474712312010128
0.8012841230258373,0.693992109681258
0.9685086975466164,0.8199687683841541
1.0522264051741983,0.9129803269925105
1.1107129738692512,0.8889727558783289
1.0123081379576058,0.9085543141710739
1.0745636624952708,1.0068210948656022
1.2198067120828984,1.0331088972401137
1.3587423529738163,1.3073506405281985
1.2720627897342252,1.3013949451449778
1.429833394554883,1.3457507258312267
1.0983733243505571,1.25074644883022
0.8996251929625142,1.1015746603153542
0.9899838581353728,1.1050694934472973
1.0804085942746036,1.1334159212373744
0.8739758939221384,0.9909893644962953
1.2032376750373042,1.1123925824608358
1.0387464013997805,1.0892688652816538
1.0809363507792142,1.0708092649313492
1.0661517837351913,1.027646230312453
1.14121610935334,1.0877036118192758
1.2234152433608791,1.1925437667961023
1.0062657913616275,1.2000212693585879
0.8394714366098681,0.964023309296282
0.9470425814022484,1.072728213678283
0.9238723506575164,0.9203418333328885
0.967238208176463,1.0272818030494772
1.0052885826800964,1.0667180617377539
0.8817815831998165,0.9537011494738763
0.9309838452882744,0.9346029006505767
0.7899751309288041,0.908962010002411
0.7303094580217134,0.8818623400535291
1.0987805251968796,1.00388188397323
0.5698045082884109,0.721093335761908
0.8015857396874215,0.8259652007968554
0.5745470754542105,0.5755782771484459
1.0948817790121208,0.8168470730953138
0.708009237847976,0.6786651996251483
0.7924293757551452,0.7603455934268734
0.819521169371119,0.8186788793596516
0.9866280515087288,0.8183564084694803
0.889449059815734,0.8283280815028677
0.9080920309495512,0.8876790981677377
1.111592787142248,0.9828090024683174
1.07507717610498,1.1520992966951817
0.9263097492980024,1.0974608927904799
1.212117949850545,1.2309928978509939
0.8880482749272577,1.0466907913675885
0.7096132252539248,0.8925212404487247
0.7578879723227052,0.9250950254704545
0.8917453380122169,0.9404683908582314
0.7021376375095915,0.7888865750546036
0.9989972086521032,0.9889139462127766
0.8250142777846163,0.8839208298910771
0.8699109990636391,0.9253329403011022
0.931810091987222,0.9351750408825857
0.9735568234252504,1.0055604676687926
1.0075725593394833,1.1095971164374727
0.8453449634888655,0.9944482692511084
0.7916049534295271,0.8581963383421202
0.8049325344961948,0.9608871230236173
0.9606877842238334,0.8974613141520129
0.8533526418240055,0.9735693486050977
0.8506571943849283,0.9730944222930541
0.869728580176185,0.8978106196491566
0.9145571301397746,0.9430285780243935
0.8184541588109121,0.8803994326232816
0.7354696109547755,0.8263171863226166
1.1624718258489872,1.0552345012146533
0.609534747385945,0.7194091784699648
0.7894960487950474,0.8534726916401782
0.6580325318749358,0.6389512917036644
1.0538629477570551,0.9499397101821718
0.7730551000169655,0.7131979793818966
0.7502263046219431,0.7858452792665219
0.7711085716295314,0.7798206737265081
1.0113265477495528,0.8648711224409016
0.8734863789874824,0.8600171776670096
0.8903072444780018,0.8890651544174079
1.1769211257728358,1.0367466224558994
0.8908425246841619,1.0876456495237643
0.7951302778467575,0.9470271975265533
0.9611549229156732,1.1668788849609184
0.8371468965057745,0.8906659879096396
0.6058384588716033,0.7931335810042404
0.6528640306389101,0.7708557894035295
0.842598025581504,0.8238025604239254
0.7021514367388442,0.6814431544344567
0.902494932170471,0.8846956209212975
0.7440224585907058,0.7645224795201857
0.7985850781127583,0.8027972576222818
0.8755917531411722,0.8596788867739297
0.8735198694079017,0.8914813596931644
0.915955395565159,0.9499565373237525
0.8251614141600656,0.8598274367148399
0.8343113068541566,0.8103640776974397
0.8256881357124809,0.8531038745996309
0.98978073874088,0.9483018547877489
0.8890010659904096,0.8959193999513523
0.8410982849740686,0.8998873221444712
0.950744372952007,0.9245876227763906
0.9038393912919396,0.9736934971794192
0.9787532988597522,0.9154772565987115
0.8919104250777454,0.8890524015512509
1.2967810679515976,1.181753996829799
0.8343352477443418,0.848992150207819
0.917431100923302,0.9811040401817295
0.8327174342920988,0.8506215636916997
1.0821349911747629,1.0839677237363585
0.8744318171382559,0.9032241026560226
0.8953782500650371,0.8901602783582304
0.8864698685534141,0.9019714168576752
1.1991619302860437,1.044373771964529
1.041440154507479,1.0205600317324985
1.0062361819683237,1.0589305682750794
1.289666706439028,1.2671977377074353
0.9343174728681032,1.1144146037788867
0.8158991952543961,1.037076620774518
0.8952023245260031,1.12618022394776
1.0228063921655988,0.9592962786263863
0.8362004117403886,0.8482161329868178
0.7282448335284372,0.8621398198938628
0.8548639042391577,0.9281706354069064
0.8278138253391525,0.7698955229227232
0.9327573722083968,0.9233960344644861
0.8253764477288179,0.8116542160419764
0.8823902404302086,0.8547297792876375
0.9453819874536138,0.9076644980749425
0.8668845466466655,0.8992901264011354
0.8931747685532834,0.9278226667771462
0.8746069489506896,0.8538116498236241
0.8959480110827277,0.8368979663995135
0.8475767003355383,0.8529313533525669
0.8929520946038045,0.9573160095290718
0.8275880253373751,0.8639855810310255
0.8087134459591288,0.8090373506399331
0.924611478634703,0.8950865823019354
0.7654488797141452,0.8664568262854894
0.964256540885688,0.8934548578511319
0.8644366552010848,0.8502097493717153
1.2401660871832405,1.1332801583604648
0.8837811892601959,0.8815345987075087
0.8587118838759377,0.9542820322455603
0.834463864488277,0.8633249108713533
0.985106693575436,1.010669254605011
0.8547846894605309,0.8711010788678913
0.9444306570901516,0.890890728258632
0.8680731518894536,0.8912516450622028
1.2367974179911272,1.0949573877764776
1.1081379101264168,1.0721739141551492
1.02582061353249,1.0964025611822923
1.2138492559125096,1.31295359654328
0.9382524007305144,1.0746456083661788
0.7733465435897006,1.0137252758855577
0.7804116799863752,1.02265397664564
1.0397605651837416,1.0232887816949046
0.83987372401863,0.9219252212467648
0.7490397726420234,0.8280297410487023
0.76613946236575,0.8968716878791838
0.7918782523234446,0.7978767639686952
0.8446962528809436,0.8833827378711984
0.7518673938707283,0.8065237065342872
0.8274449946827698,0.8445958983488208
0.8803831627248028,0.8911825648230424
0.7272584948662791,0.8335406403272057
0.7648171073670844,0.8315776635060337
0.845239216197928,0.805134943845591
0.8637923360203573,0.8125583937348999
0.7721054063845193,0.8084894015060387
0.6626189604670288,0.8405208062759173
0.6483066476744631,0.7381907865950436
0.7520184419346558,0.6831522534423092
0.7858556863022634,0.792368637283542
0.6031681837410958,0.6671481807596461
0.8209668337860077,0.7819310799121
0.8238285126660079,0.6975319945358329
1.1091249466896298,1.0007781699093194
0.8806446724226251,0.8209479127222019
0.7747614521461245,0.8356530509237939
0.8022112825998522,0.7953114723997503
0.819742291171747,0.8972525292965218
0.7434296132664949,0.7825673185866278
0.9000728461478561,0.8381446051497748
0.7493184909282209,0.7903859071322916
1.0810285162837625,1.0378909613100842
0.945369842879116,1.0173441259335043
0.9787161745652924,0.9877567922543974
0.9221520964372858,1.1780647541895992
0.8179593101641397,0.9444077852459327
0.5936265045528479,0.8767683331943332
0.6293631226527976,0.810786388081087
0.8921334682381962,0.9428914745952597
0.7826466641558985,0.7968015487377571
0.7073110635974726,0.760156068081805
0.6164810607880611,0.769803527884353
0.6146426071178341,0.7138818842103288
0.7225586410420214,0.7453813615545472
0.7280309644462909,0.6957605166131269
0.8337073981460379,0.7783888924649126
0.8165099531217755,0.848212649144129
0.6538357874019947,0.7425817561607665
0.7798908053876265,0.7534481694876082
0.8789749115595105,0.8242665194639898
0.8374593323741488,0.8429692539494398
0.7820274524753893,0.8006547088575109
0.5347046262670186,0.7415006604049702
0.584523627405786,0.6592048421434281
0.7041155191325186,0.6879917592859544
0.7332058292412593,0.7013786015731156
0.532420707288842,0.5732170161294529
0.684897782320099,0.6940808674944483
0.7811988464224575,0.6598217316817404
1.0060764559112023,0.9015190471864625
0.8816249152936007,0.8119130701469213
0.6827956155952926,0.7863454855288671
0.7793221960362438,0.7792858048986393
0.7746737328712209,0.8107322830395731
0.7767021943330863,0.7430690303085083
0.8102293941308546,0.8726825744256952
0.6243878580636272,0.7284232672499783
0.8454498024882181,0.9467846057317075
0.8020015465305889,0.8690306288846075
0.9608969757339326,0.9307138014041734
0.7284606660446485,0.9516916242299394
0.7926138127570228,0.8366365105040363
0.5066563010677511,0.7319663810498971
0.4323761243620279,0.6840147566309673
0.7141763730233738,0.7897616540818766
0.6457637320574359,0.6734027170736098
0.5732160279208336,0.6342479388395043
0.4909944350893319,0.5685056750871627
0.3955819883516369,0.5124290670486723
0.55896639991612,0.548411120682027
0.6152059884017251,0.555886911805226
0.7181907665290002,0.6549857665110981
0.6002194169002439,0.6900784785911676
0.5709376806231022,0.5647329643828539
0.6965531334667686,0.6734418568598484
0.8337150468477272,0.7565146020891909
0.6999911050027672,0.7699240966088685
0.6409007027054447,0.7327979780981513
0.4219743482034127,0.5625507696044015
0.4713187481341376,0.5578871296745602
0.6511665936698241,0.5888072471147929
0.7574836559520162,0.6117257885717742
0.4556306134294027,0.5134487500384426
0.5330741071901444,0.5812979892583645
0.6493107114017829,0.6097414272090184
0.8867007698253553,0.7756971826712875
0.7663283658511731,0.7627183883538559
0.575059634624634,0.6580732852686081
0.6535035323652126,0.7234299435542804
0.7647821025665049,0.7220677841056424
0.7869874920837026,0.7572227060952839
0.7583446025603897,0.8115940902000813
0.5888766078142236,0.6709608372526117
0.809629812815422,0.8231140000399206
0.8629412885321035,0.8286859628057598
1.0423625927537667,1.0147152475948278
0.7352510851262594,0.9103118485029222
0.881097157594291,0.9353832438268403
0.6834757574735137,0.7861173086326072
0.5349980598149084,0.7210402082742227
0.7606313454724197,0.8582826331818555
0.8129590934630094,0.7514041250040616
0.6891796339287538,0.7335200497598595
0.7155004787889796,0.6830217721595363
0.5024446104735582,0.6051164085051637
0.6904135202803434,0.6575423465885546
0.7836964776441598,0.6895310177864319
0.8466037286150685,0.7832554150111345
0.6693658823140581,0.7440649153926312
0.8103105952139533,0.7068985851095926
0.8798189235801881,0.8293126428125035
1.0619029951898715,0.9453331001073897
0.8419316367050836,0.9203259503006114
0.7993372075731922,0.8628355743486169
0.6627605258777208,0.7075872889409259
0.7080376883108956,0.7287397979816587
0.942616469452766,0.8140349624729944
1.111096735672386,0.9018651927692796
0.6921100957149898,0.754881205818976
0.7107564595832365,0.7695721529197722
0.8209343717616295,0.8017071864728795
0.9576776698563204,0.9423936195966058
0.8889838291311317,0.8700892253648819
0.7458966262866998,0.7601524970829939
0.7391017037387204,0.8048321480212444
0.8443091881350343,0.8497672449706528
0.8941542909853702,0.8518990909074733
0.8261921924630556,0.8479518321454532
0.748141838202995,0.7122767938506341
0.911641682393562,0.8798404139060548
1.0684386917955304,0.9250743503339632
1.1581029781131464,1.1489334614823459
0.9134516382690036,0.965233137775169
0.9608027458363174,1.076664122131635
0.9542884004399478,0.9384852243399333
0.7329193577404611,0.8665656473199148
0.8887360696040936,0.9613226165167376
1.0190902376380828,0.9514629208767131
0.7893955130288914,0.8750141902631643
0.9662293142458234,0.8866140589335303
0.6637168787442169,0.7541959223103647
0.848400807881777,0.8132065980114271
1.017914572174104,0.861506213016208
0.9124829935828076,0.9290242252014356
0.7665879078180601,0.8094482278000377
0.9877094492403404,0.895250367906909
1.0403221316559017,0.9508669484979346
1.131988874436502,1.1205394926100758
0.8617673653885927,1.0007636571486256
0.9055203662036566,0.9316076137762901
0.8248830844703348,0.8391283853533197
0.8035733502887982,0.8745359830745549
1.0878825425351202,0.9976321998423036
1.1382271996913984,1.1353496455397483
0.7879749845012685,0.8738506874502343
0.759473814025001,0.8778411251589991
0.8148376428135005,0.9050743278267872
0.8837325649926989,0.9523822316818349
0.7528687285608427,0.8810469997628506
0.6538197711223173,0.7566440236092932
0.6163087522722328,0.7202080989908185
0.7495994294487941,0.7359067381756597
0.7353546725225285,0.7545641137142435
0.8696241587015119,0.6866078385918962
0.8217514681839968,0.6884159334589108
0.7819841127475721,0.824101252226876
1.0496575948871116,0.9132152722003499
1.01290796293867,1.066175734960721
0.7943100543727346,0.9080301549607556
0.7272408676558311,0.9390006504683699
0.9086824928086564,0.8914337111566434
0.5811760946156528,0.7777694284762054
0.5904547834375719,0.8059905315019312
0.9008445695179595,0.8275694157689233
0.5877647165700969,0.6795311187999119
0.8815767506961156,0.8059826342056249
0.5472569713617105,0.6345982323227007
0.6951881235830925,0.7003453253443458
0.8194309323630418,0.8163877918708075
0.5956832994362029,0.7234160111911326
0.5569268095292905,0.6085838086869927
0.8387955393317326,0.7607275613327833
0.8485909868775028,0.801021683425411
0.863597859404235,0.9206600787760919
0.6325216265081809,0.762945784236885
0.7213484012306397,0.7729310386437308
0.7055508970526373,0.7223503776684591
0.640539630906826,0.7442135279920261
0.9827789192652276,0.9303469382541438
0.8705481335310228,1.0056529031952666
0.6925478999318159,0.7742218927002791
0.7336758462386954,0.7853659695866859
0.8102574851960367,0.8161434784993853
0.8153147945047136,0.8695577714194482
0.6823684755496361,0.7642367532638221
0.6051045824808898,0.6928164503487703
0.7194960546990387,0.6329914097343583
0.8302087830992471,0.7349840229169102
0.5744979711149483,0.7326095183898413
1.0147515930918916,0.7587118661927968
0.9786009849819364,0.8281628004199828
0.942338496008222,0.8512148476212351
1.2791050707672609,1.1037915373296745
1.3549343287200868,1.1654584973257924
1.132856329225707,1.1391955874568773
0.8727325816670914,1.1341834708639666
1.222883020940209,1.201211540443805
0.9316954210231736,1.0174182864100276
0.7570417376906733,0.984769521387985
1.319185219116604,1.1316319558363275
0.9085135957144168,0.9445492759428555
1.1855790521922285,1.170477793838514
0.9373738651904404,0.9620701933580734
1.0417558634679014,1.0239622896756684
1.055884609855562,1.1400141550658938
0.8473901739830105,0.9263717968360895
0.8934952398644465,0.8851557157647199
1.1169998070403162,1.0761519244072433
1.050670540746245,1.0545776997502498
0.988544289225216,1.0778835469402217
0.79885845997052,0.9039564988225725
0.9578400186861706,0.9299290248406259
0.9589817578585764,0.9139372321602485
0.8804394542608063,0.8899887726402969
1.2034519556906986,1.1293667067076998
0.873086122434998,1.0647278452661844
0.9271502953470554,0.8934224762487895
1.066657768630984,0.9596155215637223
1.095956635693033,1.0011967004858096
0.9678775469121548,1.0193140648680472
0.8833014891367048,0.8767342931330833
0.751702325808367,0.8086956777158164
0.9210671833388626,0.8121632728544236
0.9873143022834294,0.8759201900296278
0.6737271109634718,0.671839646757266
1.1137713877549422,0.9206986476895624
1.1055401488256833,0.9117989452015378
0.9662959931103078,0.9298240732251098
1.259503410162698,1.1848199217697832
1.5531761980120558,1.2634641924622856
1.2895307410427512,1.27233475946357
0.8567473255824166,1.1523104528051116
1.145573786550662,1.3147063935843233
0.8854670094445,1.0709802971933284
0.6443429655481827,0.8888093642585188
1.1896924194008462,1.2217463432175237
0.8700411246031727,0.89380673530205
1.0263247386580832,1.1334801378218402
0.9517956987304776,0.9518798521009282
1.0570314634043323,1.0215252666765011
0.9280641701683,1.0968015558790345
0.7696974746871563,0.887524900112924
0.7699400954515793,0.9030951001107774
1.0125268643835792,1.0255479254689748
0.9078127859209504,0.9713674643350555
0.7877032886692278,0.914523227268727
0.6419555007497687,0.7540123054621554
0.816540563493367,0.8268725920002664
0.8205957414444532,0.8147681500589724
0.7383921762512318,0.7714465785913741
0.9778725576191118,1.0104326095593916
0.6174074949073259,0.7754171176546553
0.7264746641314438,0.7849690498861757
0.9245184350475965,0.8904399241869415
0.9330275632208525,0.9008590086167436
0.7517701608457468,0.8387820096748441
0.6882984356976158,0.7477758070489687
0.55506980312322,0.6365905428192614
0.7280750149025471,0.6981572662363185
0.8804184008072041,0.7346935823866738
0.5387063024719969,0.5387100310275672
0.8626983196157115,0.8121360613672663
0.9220883849178984,0.7988381396854323
0.7683511047230971,0.7510443420575745
0.99223136951351,0.9903344463003462
1.4030176894371973,1.213438925053603
1.2501384586654434,1.180091449966283
0.6816607007330102,1.0161159878228472
0.8577432351144826,1.1495600121248135
0.7246281532635586,0.8992844404805788
0.4969786459560964,0.687010951286065
1.0011372330239046,1.0323059013294584
0.6832224956101822,0.7763296496900289
0.7541145945007681,0.9023973207372761
0.9028998078823616,0.8354805068324633
0.9636457017928234,0.9411567017067216
0.7305157861792371,0.9358013908811458
0.711059420088833,0.7827313330235898
0.6660225169502485,0.7859986327360158
0.8454108573168887,0.9399362476410311
0.7892590628981524,0.8605443292529815
0.6913975243543954,0.7618397102410109
0.6508420736084528,0.6490915016642448
0.7557239908062419,0.7805994308813141
0.8767206792032423,0.768928946899819
0.8122267410059358,0.7621703590315563
0.8626893973540359,0.9658668219527313
0.723162746360311,0.6902587890198377
0.8152286993855167,0.8081118517257798
0.9822431978233108,0.9572193586184153
1.0265105879635192,0.9569943324006549
0.8316240081251276,0.8623759475633581
0.8703119067357343,0.806447002452155
0.7132279845139529,0.7256640686046757
0.8504380761890514,0.8021476305705556
1.0398530198046458,0.9061900045180077
0.722689994542665,0.6879122395462174
0.8843719387456835,0.9024035408267509
0.9528262908189428,0.9078920257227713
0.8816937371172593,0.818373991017067
1.0083585835071525,1.012351596311719
1.3980423713834145,1.2991449628779732
1.2964350021830229,1.298915644729501
0.7840176127588382,1.0151972157460833
0.8153877108134518,1.1127332423253964
0.8235562514315076,0.9343902206842762
0.6487230286644778,0.7373528487299965
0.959935549300588,1.066630457282737
0.6672072980376226,0.7845758837282588
0.6404483353069871,0.8115718714543998
0.896858073399585,0.8619611148666744
0.9533882356601074,0.9078858391466964
0.7999289158500325,0.8164172931589542
0.823192132895824,0.8188369092016116
0.7672669268629856,0.7758676907977984
0.794581103030205,0.9019124333908151
0.8275000172127532,0.8274148505518161
0.7261278091330942,0.73649489853585
0.808484736764125,0.683972825406086
0.7470208713785542,0.7872727547784828
0.9931839931580224,0.8241975249370721
0.8772561826617413,0.8359324817974405
0.8112351610330905,0.8772038113240433
0.8230853409557329,0.7613298412414101
0.8016686288736887,0.8531732842445402
0.9450073450312754,0.9546519353101429
1.0289900028893573,0.9804102030196373
0.8467073817769549,0.8583504579915019
0.8816052386091399,0.8894524479599463
0.7748856453759336,0.769877911882022
0.8900510379028794,0.847112484560063
1.0297825176739297,0.9904309663498325
0.8471810840249296,0.7766405792074204
0.9193272865130728,0.9157891856551893
0.9959740137525476,0.9484063849577266
0.8665083528599347,0.9294257878281675
1.0170945672373015,1.010593830841618
1.226870924438177,1.305369830528457
1.2074111604494735,1.2739425379351026
0.8358005989154343,1.0071929798084092
0.7909573739168352,1.033233859930561
0.8451824879793034,0.9786691532212037
0.7841455281258111,0.814371850030021
0.9258338038714008,1.0355160533329002
0.6024669222972987,0.7894665308389804
0.5967570286341514,0.7023226523193083
0.766896394420683,0.8360959720054664
0.8061740533711603,0.8288189042505678
0.866540499615275,0.7574840666736652
0.7921565278024402,0.8270913475036471
0.7125023716090814,0.7650612704639362
0.6478906833600157,0.7812162948257313
0.7434549491820516,0.7575486843151665
0.5974472769096106,0.6648374287466027
0.7686685152917877,0.6873072114720462
0.6074759137912782,0.6690028161725003
0.9394039837271267,0.8004505888514654
0.7831933065310981,0.778661179438976
0.6524696567013333,0.7243709753936902
0.7975333733731989,0.7189729866799689
0.6543049085383125,0.7329133831527834
0.8044688051766029,0.8055691861807768
0.884125641945649,0.8757523707885543
0.848632590445696,0.739600668916508
0.8006372018842175,0.8176762403072315
0.7397769801928533,0.721100156287426
0.8951623047364943,0.8018227519745638
0.8687919249374885,0.9264821495477462
0.8479461264913389,0.7842676263836581
0.9072405323027568,0.8762060366236102
0.9607583205397656,0.9435034706619827
0.7616767144422893,0.8952929275642069
0.9525210993924672,0.9742263509857862
0.9135925581167552,1.1458489003251202
1.006075783515165,1.113841808596296
0.8001265055258087,0.9126936953066669
0.6991063913169853,0.9049426024747327
0.7540296671224114,0.9120431437688995
0.8049784696171843,0.8325003082431012
0.9832027496426076,0.953091910424929
0.60882030820758,0.7687385667232086
0.6584488696331444,0.7040932308828168
0.6365434289021796,0.8034875592812392
0.725476881396762,0.7520062677005206
0.7971075126089572,0.8310837533772832
0.7782031832228852,0.7767987187459439
0.7639970469894101,0.7459640850672278
0.729589046357783,0.7207561923553022
0.7870461695893086,0.7856133762076647
0.5933167973776685,0.6654667924273552
0.8024676807405607,0.7496568439043829
0.6258961295798537,0.6457679321081289
0.9206102266816772,0.8592827608501554
0.8333283803705908,0.787340982307687
0.6562045244914823,0.6959438106122869
0.8335085556813563,0.7792212018715502
0.6895348962378571,0.6864156592658299
0.8239442426053873,0.7813403394252643
0.8456069536968145,0.85100147773893
0.9307028702433277,0.8032189023523476
0.8355550606185689,0.8367737727375935
0.8398650038727754,0.7825275530462129
1.0418097819344834,0.9144904103214587
0.844327387287427,0.93219260782973
0.9900649014624152,0.8950734117210236
1.0424680437310372,0.9912774468741685
1.151289810953457,1.0487658636472816
0.9312240746659364,0.9960303957332095
1.1754558071403844,1.120611650773747
0.9646409583461272,1.1410285129962672
1.089631138862344,1.176676084552003
1.0712506485179918,1.057811595476841
0.9719899717510236,1.0187220995373434
0.95207778433107,1.0674147074719313
1.0817123583376145,1.0603970016081474
1.2710110986549228,1.2075068477293478
0.9749733519003774,1.007196888753629
0.9908194030259276,1.0380276224962979
0.8014487403140305,0.9909853756514918
0.929886197451766,0.9654124396767944
0.978085508816469,1.0230049231223355
1.0068091555908667,0.9807127763344359
0.9511409492912228,0.9957692091793249
0.9674397874265142,0.9523025847132579
0.9886167784844552,0.9970240062707754
0.7549635293639394,0.8476073585864488
0.8906932595023644,0.95389010846272
0.765158680853963,0.7839680806143259
0.969294653784975,0.970296401956509
0.8919541461509899,0.918439864012816
0.7420930358406171,0.7654063688530163
0.9236913700338726,0.8606711013864996
0.8147810622469744,0.7463153023487292
0.8794748881373831,0.8352764440541556
0.8273306688081336,0.8440770233993423
0.9652513720252284,0.858653729059364
0.7738202363810645,0.8305294908481708
0.8667501850453074,0.7857549406432817
0.9586139055220684,0.9492701997000168
0.6389935163742605,0.781257867560212
0.9997819007418436,0.8246691570652025
0.9656023907035118,0.9145865687724568
1.093919711968433,0.9942869304245708
0.7467013485909989,0.9152517933687181
1.0146380609252088,1.0246875841050653
0.6617369936837314,0.9159566862970271
0.7656891218166172,0.9303591908132356
0.8092494239648442,0.897017731221752
0.7722825253032835,0.8019141193850459
0.6978596657331227,0.8152611148468176
0.9221390241669556,0.8685945363418529
1.0498351404538833,1.0385210598777297
0.8348337325355609,0.8932440050802785
0.8752768805525877,0.9294401670831538
0.613522197993267,0.8030137768868917
0.7635442942699406,0.8435106618774522
0.7568619956031404,0.8758508610318952
0.8320240558935721,0.8578853668211484
0.7944334355586208,0.8548048190496493
0.8307933847017832,0.8609408336317388
0.921377859392624,0.8913296838120066
0.716976396200061,0.7647407558176771
0.7771156408776483,0.8668487182881364
0.714439506214574,0.7460110692408733
0.8116933228616419,0.8887433294600164
0.7726275675048879,0.8416936021241798
0.681807326471641,0.7209426014947767
0.805000822371346,0.8271974901643738
0.8327589742023472,0.7350919096034456
0.8142464237916122,0.8167641635553713
0.7661376362663206,0.7880098847627146
0.913530290405382,0.8807180748370244
0.6532299668752322,0.7816311209465443
0.8767295737083086,0.8072101317975666
0.8300718928608463,0.9255043477314385
0.540746798719943,0.6584885746669207
0.9823049851395844,0.883022144316429
1.0013913407726367,0.884123381238281
1.0186895953317952,1.0444036383859503
0.9131124185436458,0.8465962578248097
1.022868126766197,1.0766722792026797
0.6732936894253123,0.8451739509857424
0.6509115617272054,0.8806037635285278
0.716239483897409,0.8347018017214616
0.7374639657326085,0.7580999245396038
0.6939703488017137,0.7145869589194039
1.0249752217561503,0.8522347517856758
0.9915729938441424,0.9950388828227245
0.8041850928099981,0.8810765586979894
0.8696901579478621,0.922309677293632
0.6245956151685803,0.7422658948258591
0.7706451597930463,0.832109148914872
0.6275018876469788,0.8048653579190332
0.819400902466331,0.7816121985122957
0.7704002838404408,0.7986542690736846
0.7500796956484099,0.7964766390282957
0.8806681751197397,0.8573830179992211
0.7544851675781257,0.7379254321871309
0.7825338336634249,0.8094780338997271
0.7224305723749933,0.7621947823493209
0.7226682925895722,0.8207665691451376
0.7459954813109678,0.784676470834128
0.7276290351858872,0.7043326628545825
0.7807163156136543,0.7807365436865114
0.8673771941570225,0.7830469773463818
0.8392937397431888,0.7909274688478897
0.7938202469676913,0.7711725627333879
0.892418546276504,0.8933213681829687
0.5875132183764241,0.7257179641471732
0.9231951677792646,0.8322070070299095
0.7362555078896159,0.8506292930918087
0.5734760540570276,0.5921099325338638
0.9265777362846832,0.8903322297179408
1.035990384801866,0.8810119877186547
0.9082408505236969,0.9892416595869926
0.9636165098763196,0.937286287900354
0.9945277567753728,1.0605381712690838
0.6917486582731897,0.8416889385807697
0.6034013858182998,0.8063455739811735
0.6722114998469351,0.7787229173768665
0.736723160243462,0.7382931935025749
0.6699869885677598,0.7075576293224461
1.106806313349538,0.9126648209374199
0.8763966392693703,0.9630810029559994
0.7563452727648028,0.8433426621666195
0.862063058320866,0.9062607661365252
0.6922752968474374,0.7335374726832442
0.8178258979432775,0.8678995941009708
0.6594477311769701,0.7404790480452175
0.8737408577916806,0.8259180576888215
0.7513244959046969,0.8246810291507672
0.7033583446172625,0.7641805940529763
0.8386178499408748,0.8423906045998187
0.7849403045662171,0.756531101684055
0.8024146692642647,0.810539612366305
0.6961524386715946,0.7797860942180423
0.7874886831236247,0.7549705311896814
0.7402975754428872,0.8001189497967883
0.8032010863027704,0.7434480562749275
0.7323081823306656,0.7985176873802701
0.8024033932574288,0.8185938543899219
0.859406834433627,0.796369482119791
0.8358849078009785,0.7865834334739916
0.9142056137806762,0.8991891408117676
0.5888419423112706,0.7038585223835625
0.952521875772998,0.8892824723900477
0.728491921897978,0.7967082519947474
0.5960294327902301,0.6493277783048109
0.8801844160682346,0.8674692574649769
1.090103745395428,0.9127619435369706
0.8124275773700541,0.9332172869904976
1.002580871507066,0.9764846125034059
0.9415896895992122,1.0420258885802827
0.6960648747481147,0.8346005702048055
0.6432048604385583,0.7585584218277538
0.7376530646227362,0.7571933546155677
0.7686635425392573,0.7782140049827703
0.6280501496099651,0.7137720885960227
1.0573049703731,0.9768603814048067
0.7649116837108678,0.8603222737791814
0.6567852011226758,0.7823879606343991
0.8324147635957744,0.8424736622837562
0.7134039846119085,0.7209907564785888
0.8339010596502411,0.8567697780140299
0.6409647391429434,0.7349096812644232
0.9090527403982468,0.8364634155876368
0.671744715764854,0.8044327725001391
0.7181752144102226,0.7085337411630008
0.7956069089629543,0.815196438952639
0.8021161296358065,0.7573891664652662
0.7680538269638976,0.8119083406489804
0.673739302798104,0.7288588694387828
0.8370218050222639,0.7841662805454044
0.7856345112810047,0.7813121766703802
0.8048028609124029,0.807677747134618
0.7247052932670008,0.7635984527540436
0.7255113705192573,0.7871017099387047
0.8323830428678257,0.804021751229781
0.8479645180356672,0.7934807441258165
0.9131617191964542,0.9000797164048336
0.6270657455696751,0.6919563240492057
0.9745475809032856,0.913360261288416
0.7477527873636985,0.7914518832752578
0.644882087625959,0.6836899930154767
0.685398273937245,0.8577506751903373
1.0327156182222936,0.921266805883894
0.7158840764964867,0.8235317772569218
0.9620507987038608,0.9653861766642877
0.8414400845211506,0.9566787536888154
0.6795104718599161,0.7739240788217714
0.7635507572804563,0.7385254882882353
0.8686324377380295,0.808238662383306
0.929610899230198,0.8484943196521011
0.6229499038237687,0.7789022364360731
0.904484901377138,1.008773788491876
0.7182284267741021,0.7995987664068986
0.5629838364827209,0.7249215972646114
0.765968934351253,0.8050327513670883
0.7415156640255188,0.691278909905631
0.8412363934843557,0.8303775734048572
0.7383749686428179,0.7011605839214973
0.9932008013702498,0.8912387935633009
0.6935559160432155,0.7800530658175492
0.8142686209575155,0.776674109700724
0.814258393348853,0.8495136892533166
0.9077058088104668,0.8296915295486482
0.7795705807361266,0.8586976333359796
0.7201146852472025,0.7567394737312437
0.9113444342898234,0.8623470551364495
0.9212679073992291,0.851543095994646
0.8072778601299749,0.8858171703585026
0.8225100179958955,0.8132421290599956
0.6783587845389977,0.8169698347206235
0.8363036180809048,0.8394661209011289
0.8807620515312118,0.8541414278619242
0.8527852821339389,0.9339482644021073
0.723735542642097,0.7245450343865038
0.9389442336262516,0.963163518840202
0.7921376291499569,0.8009960438981518
0.7341813953971713,0.747766010148344
0.6410264391431604,0.7568515688589441
0.9022376808665492,0.940617812098382
0.6840632664897528,0.7354005292830756
0.8387084442917286,0.9273242476852468
0.7044102160819475,0.8269760372846521
0.6576227706085396,0.686566474845142
0.9077308975139676,0.7564972464168426
0.987431450818339,0.8717936758983759
1.092748245763491,0.9719626003910962
0.6940274157138189,0.8285901425141318
0.6639940615156608,0.9670341811597927
0.7018853283913021,0.76114785209471
0.5347015264894938,0.6433429625334591
0.6612859132944467,0.7370760329129018
0.6276997196002493,0.6592303412016145
0.796432057433825,0.7151624197610771
0.7898966567272985,0.6714765384665169
0.9167515901291838,0.8832030009682863
0.6705690855577175,0.7011544522277532
0.8242508040047127,0.7861634042699988
0.766531521437086,0.8088607659310093
0.9612731802054524,0.8661343084016464
0.6818246758870047,0.8381208560665975
0.651997934142343,0.7319027161651249
0.7934044704556432,0.8394169685813474
0.982760087605596,0.8408491934711159
0.7491220604054151,0.8378347165085928
0.823048982691919,0.8324267808700408
0.6092939918671707,0.7440623695724281
0.8647414475449261,0.8144518562272228
0.9048695586340184,0.8891955365235645
0.7972394256160344,0.8910061900422389
0.8142617625695602,0.787238194527292
0.998713358803219,0.9469014953336483
0.8553807510263539,0.8671242573860458
0.9749634980192818,0.8534499753035176
0.8124532175808497,0.8286296849278699
0.9396974723942496,0.9903135037871464
0.8544765758794861,0.8385297841995302
0.9826587744976608,0.9759769760040176
0.8553535918421019,0.8841621827432056
0.8580442129415751,0.8339317744603126
1.1585539088112853,1.0224473043770808
1.3147338560547517,1.125720834771151
1.271932453292605,1.3082284239686808
0.982639368315862,1.079532307300699
0.6778089354351444,1.0449381502592705
0.9983066160192112,0.9677894959025533
0.8682052653437781,0.8628193938586443
0.9067499364034116,0.9300072522139516
0.8309457122184744,0.868429426933116
1.1334544016796178,0.931423594566213
1.0946968151774414,0.9842638458090066
1.1389317995184756,1.1110267290742994
0.9530781232512862,0.9599395685150658
1.1029954420984067,1.0714344426068552
1.0996439481450535,1.0479388047884846
1.4145503654069853,1.2165785421058086
0.913975495760181,1.1004432806462088
0.9043317311520106,0.9917077331620008
1.0035931250278929,1.0351893234132015
1.3132433502450342,1.137369795051009
0.9916248304726556,1.0530291484600776
1.1115794298295794,1.0769225965898612
0.964041275159871,0.925329323219227
1.194461646332421,1.0991570337113963
1.171161616367179,1.1600830638399848
1.072137183257145,1.0701919669210982
1.1307067756611502,1.0600382565765758
1.1851625672916597,1.1871990178884437
1.0695046071611545,1.0656752995956236
1.2950944305979757,1.1671867317062752
1.0740513721804064,1.072122429147145
1.1952901637421902,1.1442294023509365
1.1068841443533004,1.1002259574394455
1.226728118488246,1.1815745038342207
1.1070416933863931,1.0917819406609723
1.063785225220984,1.0745497349329567
1.2863421011243814,1.272514388741672
1.6220860782390578,1.391008268288545
1.35679225987235,1.4740954431813422
1.1792427162632666,1.2976507090812412
0.7750705710007821,1.0575356300659688
1.4948694244954663,1.1730408528703398
1.3345643155366422,1.165205198052955
1.216714335403004,1.2199279575791246
1.138955421102834,1.1418650235269565
1.3389968725447012,1.294098469480026
1.275436133065717,1.2703855504287116
1.2350734904780645,1.325731817809662
1.033998175051757,1.164410246968135
1.207802748088114,1.2268373711528011
1.1878055297613244,1.214384806541054
1.5903171390396076,1.4522136130995569
0.8154520197054557,1.1764874343594014
0.7071241250627077,1.025885531597083
1.055108671695411,0.9602510326275545
1.1362416405801976,1.1950898985534055
0.7603967196921725,0.9783346722592603
0.9170370805848074,0.9864859881950947
0.8481651400588727,0.8286618091496523
0.9979448670742276,1.0071348833575016
0.8704943204949834,0.9997973907665354
0.7581825385632454,0.8747164494357688
0.8470471580146763,0.8567929361797065
0.7579716016410494,0.8947988563273132
0.6360151613751204,0.7626861330767678
0.9282566157292956,0.9049653549450201
0.6677604421590211,0.7329387516644056
0.7522192433912877,0.7897347215438719
0.6565286159002965,0.7285571261976637
0.7534477894627566,0.7795131458053459
0.6420758863755273,0.6671003272187986
0.5427736375712594,0.6280540254616885
0.683214162475543,0.7589251910769963
1.2308116649727845,0.9764048732571791
0.7304448400501323,0.8988343168194828
0.6142515636966455,0.7893968261802558
0.1802356410752963,0.45652523884803614
1.3768796422983924,0.8523989182907203
1.2134282670443888,0.9205526689155541
0.9517308443502782,0.9811841358413996
0.9127164012562708,0.9737852891598493
0.9969799093269992,1.0895920425178962
0.965957750019129,1.07345613188112
0.8727896804051333,1.1028833485555176
0.7061582963555463,0.9235981702625169
0.9547801486650755,1.0232358537397328
0.977820349264532,1.0190053866906494
1.511384709537831,1.3746680295736147
0.4962080220353303,0.9777725707310302
0.361493047271844,0.7455191670411846
1.0084943450130268,0.8788084058849048
0.9494629547374585,1.0070191810441254
0.5309628436527107,0.8255558184497148
0.785311509570842,0.8527728941942603
0.8846333898988509,0.7627153773858515
0.9810093226088809,0.974677148831575
0.8048311182404334,0.9384717322421334
0.7514194453221626,0.828643803350954
0.9013621782828184,0.8627055234698324
0.7145875337668993,0.8566952316914778
0.6435289247772131,0.7462297554141084
1.0317063300887122,0.9552072933979228
0.7917608298865537,0.7708004917676625
0.8928330724216754,0.8352713228398863
0.8211295491160804,0.8032829539672294
0.9425554238424684,0.8465995071500472
0.8684092348724126,0.7548601189915594
0.7275520403942508,0.7141030601804201
0.795487125854219,0.8012942583489941
1.5935465367753878,1.1450217444569102
0.8724812888648443,0.9013573906274278
0.8113318947995243,0.8362126654390362
0.4023080678218363,0.4634375619768795
2.090502444916641,1.1901459478645604
1.9269152935881044,1.320487284293454
1.5224028885285847,1.4023694711217705
1.5354242853749,1.4876052584170172
1.47556972470199,1.5389170299379278
1.4795817721251028,1.5452323278926252
1.3375593235249146,1.5360545451087797
1.186735365427211,1.3425078157173491
1.4988136306142708,1.4751512589500988
1.5693563312813712,1.4736847419918944
2.2171271890905544,1.931727097129988
0.9379304038413327,1.3995482694957173
0.7595174317355963,1.0913955727161309
1.7156209095116224,1.4083310067918569
1.4680765446040915,1.4412723218518957
0.9951438988059914,1.2524795032064693
